X,Chain A1,Chain B1,Chain C1,Chain A2,Chain B2,Chain C2,
29,0,5.02,4.41,0,0,0,
31,5.96,6.25,5.80,0,0,0,
32,6.56,0,5.75,0,0,0,
38,7.84,9.85,7.71,0,0,0,
43,9.47,0,8.78,0,0,0,
46,9.85,8.34,8.88,0,0,0,
49,3.94,6.20,9.85,0,0,6.51,
51,7.04,7.24,9.85,0,0,0,
53,0,9.85,0,0,0,0,
55,6.93,9.23,9.22,0,5.39,5.08,
59,9.56,8.89,8.87,0,7.04,0,
60,6.75,0,7.32,0,0,0,
62,6.00,9.44,5.49,0,0,0,
63,5.21,6.82,6.99,0,0,0,
64,5.71,6.84,0,0,0,0,
65,5.12,7.39,6.88,0,0,0,
84,4.95,0,6.63,0,0,0,
86,0,9.49,0,0,0,0,
89,9.85,0,8.54,0,0,0,
90,5.86,6.94,5.60,0,0,0,
91,8.47,9.57,0,0,0,0,
92,5.03,4.76,5.03,0,0,0,
93,5.89,7.43,0,0,0,0,
94,4.66,4.64,5.48,0,0,0,
98,0,7.39,0,0,0,0,
102,6.22,0,0,0,0,0,
104,8.63,7.23,9.70,0,0,0,
105,6.57,0,4.05,0,0,0,
106,7.78,8.04,4.61,0,0,0,
107,5.39,5.33,5.39,0,0,0,
114,0,5.76,0,0,0,0,
116,7.57,0,0,0,0,0,
117,5.17,4.76,4.84,0,0,0,
118,5.32,4.78,4.19,0,0,0,
119,5.76,0,5.25,5.66,0,0,
120,5.08,4.09,5.32,4.87,0,5.18,
121,8.62,7.78,0,0,0,0,
122,7.03,7.66,9.66,0,0,0,
126,6.88,7.43,6.95,0,0,0,
127,3.99,4.38,0,0,0,0,
128,4.05,3.85,4.32,0,0,0,
129,0,0,7.03,0,0,0,
130,5.32,6.96,4.95,0,0,0,
132,6.38,0,0,0,0,0,
133,0,4.50,4.71,0,0,0,
160,0,0,5.89,0,0,0,
161,6.91,6.86,6.68,0,0,0,
170,4.95,4.44,0,0,0,0,
172,4.44,4.63,4.46,0,0,0,
189,5.07,4.15,9.76,0,0,0,
190,5.59,5.12,5.33,0,0,0,
191,4.04,0,0,0,0,0,
192,4.62,4.67,4.49,0,0,0,
193,5.26,7.90,6.27,0,0,0,
194,4.35,5.98,0,0,0,0,
195,3.89,4.35,3.95,0,0,0,
197,8.57,7.48,9.50,0,0,0,
200,7.83,8.06,6.03,0,0,0,
201,4.41,4.82,5.14,0,0,0,
202,7.32,4.10,6.24,0,0,0,
203,5.86,7.51,5.33,0,0,0,
204,5.95,6.60,6.08,0,0,0,
205,7.07,4.67,5.99,0,0,0,
206,9.80,0,0,0,0,0,
208,5.29,6.22,4.15,0,0,0,
210,5.47,0,8.22,0,0,0,
213,5.39,0,0,0,0,0,
223,7.02,6.41,0,0,0,0,
224,9.85,9.19,7.73,0,0,0,
226,6.31,6.48,6.47,0,0,0,
229,0,4.14,0,0,0,0,
231,7.20,4.64,9.85,5.30,0,4.64,
232,9.85,9.85,9.85,0,0,0,
236,0,9.85,0,0,0,0,
237,0,5.57,0,0,0,0,
238,4.72,4.52,6.57,0,0,0,
239,6.09,0,4.74,0,0,0,
241,9.66,5.79,6.26,0,0,0,
243,4.88,0,0,0,0,0,
265,4.73,4.78,4.82,0,0,0,
266,3.98,5.36,4.74,0,0,0,
267,4.00,5.62,0,0,0,0,
268,6.52,6.00,6.88,0,0,0,
271,6.63,7.68,7.21,0,0,0,
273,5.06,7.70,6.26,0,6.86,0,
275,5.98,5.16,5.27,0,0,0,
276,3.66,5.78,4.64,0,0,0,
277,5.80,6.00,5.47,0,0,0,
278,6.96,7.61,6.97,0,0,0,
279,5.91,4.47,5.42,0,0,0,
280,7.13,8.83,7.52,0,0,0,
283,2.96,4.70,3.75,0,0,0,
286,6.64,5.81,5.87,0,0,0,
289,4.35,6.05,4.49,0,0,0,
291,5.66,5.46,5.52,0,0,0,
293,4.25,7.34,7.34,0,0,0,
298,5.12,3.70,7.96,0,0,0,
299,2.96,4.23,5.70,0,0,3.83,
300,3.22,3.80,7.27,0,0,0,
301,3.45,3.81,2.08,0,0,0,
302,0,5.81,0.94,0,0,0,
303,4.20,7.20,3.70,0,0,0,
304,6.44,5.37,6.04,4.57,0,0,
305,8.14,5.94,7.81,0,0,0,
311,8.43,9.13,9.82,0,0,0,
313,3.91,3.94,3.81,0,0,0,
315,7.12,6.62,7.96,0,0,0,
318,7.31,9.03,6.87,0,0,0,
323,9.85,0,9.06,0,0,0,
326,5.60,4.86,0,0,0,0,
328,7.49,0,6.75,0,0,0,
338,6.21,6.21,4.84,0,0,0,
340,4.56,0,0,0,0,0,
341,3.00,4.21,3.11,0,0,0,
342,0.87,5.11,3.54,0,0,0,
343,6.04,4.71,6.39,0,0,0,
344,0,0,7.10,0,0,0,
351,0,0,9.85,0,0,0,
352,3.96,0,3.46,0,0,0,
353,9.73,7.37,7.07,0,0,0,
354,7.28,8.78,7.11,0,0,0,
356,5.09,0,5.93,0,0,0,
358,5.45,4.37,4.66,0,0,0,
361,9.85,0,0,0,0,0,
362,0,7.87,7.46,0,0,0,
363,9.61,8.23,9.46,0,0,0,
369,4.76,4.48,0.59,0,0,0,
370,6.41,8.66,6.98,0,0,0,
371,0,5.06,0,0,0,0,
375,8.70,0,9.85,0,0,0,
376,5.67,4.94,5.45,0,0,0,
378,6.00,7.23,5.28,0,0,0,
380,6.26,4.67,7.96,0,0,5.71,
382,7.41,0,0,0,0,0,
383,0,9.85,0,0,0,0,
386,6.21,3.32,3.11,0,0,0,
387,0,0,4.78,0,0,0,
389,2.98,2.96,3.23,0,0,0,
390,4.68,3.90,4.68,0,0,0,
392,6.66,4.46,5.55,0,0,0,
393,9.40,7.25,9.85,0,0,0,
395,7.43,6.37,6.25,0,0,0,
396,4.13,5.55,5.50,0,0,0,
397,5.27,4.56,6.19,0,0,0,
398,4.45,6.21,4.88,0,0,0,
399,5.02,4.45,6.20,0,0,0,
400,4.64,4.22,4.10,0,0,0,
401,8.99,0,7.50,0,0,0,
402,4.12,4.05,4.99,0,0,0,
404,9.85,9.71,6.16,7.59,0,0,
,
X,Chain A1,Chain B1,Chain C1,Chain A2,Chain B2,Chain C2,
405,9.85,9.85,9.85,0,0,0,
407,3.89,3.95,3.48,0,0,0,
409,4.46,4.71,2.96,0,0,0,
410,3.77,3.24,3.15,0,0,0,
411,4.91,5.13,4.91,0,0,0,
420,3.45,5.47,6.53,0,0,0,
421,8.68,6.44,5.76,0,0,0,
422,6.20,7.26,6.53,0,0,0,
423,8.42,8.10,9.48,0,0,0,
428,5.67,7.48,5.93,0,0,0,
430,0,0,8.01,0,0,0,
431,9.85,0,8.13,0,0,0,
432,6.91,9.01,7.30,0,0,0,
433,5.12,5.36,5.23,0,0,0,
434,4.54,4.54,4.43,0,0,0,
435,6.49,0,6.95,0,0,0,
436,5.65,6.02,4.65,0,0,0,
438,6.86,6.59,8.03,0,0,0,
441,4.76,3.24,3.06,0,0,0,
442,5.85,6.02,6.33,0,0,0,
453,4.84,6.70,5.97,0,0,0,
461,0,9.85,9.11,0,0,0,
464,0,9.80,9.81,0,0,0,
473,0,7.28,0,0,0,0,
493,5.17,7.32,6.28,0,0,0,
495,6.20,6.36,7.81,0,0,0,
506,3.24,6.15,8.19,0,0,0,
508,5.50,5.78,5.30,0,0,0,
509,5.55,5.97,5.69,0,0,0,
510,4.54,4.51,4.71,0,0,0,
511,4.20,4.23,4.87,0,0,0,
512,4.51,5.86,5.30,0,0,0,
513,6.26,5.14,4.43,0,0,0,
514,5.02,5.26,4.72,0,0,0,
516,5.84,0,5.02,0,0,0,
523,9.28,9.38,9.85,0,0,0,
524,5.00,5.48,5.49,0,0,0,
526,9.85,0,9.85,0,0,0,
528,0,5.34,0,0,0,0,
530,9.04,0,0,0,0,0,
531,8.19,0,7.03,0,0,0,
536,7.62,7.74,7.70,0,0,0,
539,8.12,8.05,9.45,0,0,0,
541,5.21,5.36,5.74,0,0,0,
542,0,4.66,0,0,0,0,
543,9.85,9.85,9.85,0,0,0,
544,5.87,9.02,5.25,0,6.83,0,
546,0,6.57,6.50,0,0,0,
548,0,9.13,4.46,0,0,0,
550,4.34,5.07,4.27,0,0,0,
551,5.28,5.35,4.46,0,0,0,
553,5.28,4.76,4.91,0,0,0,
555,7.41,0,6.76,0,0,0,
563,3.72,4.97,4.50,0,0,0,
566,7.71,5.69,0,0,0,0,
567,9.52,9.85,0,0,0,0,
568,9.85,0,9.85,0,0,0,
572,6.19,0,7.70,0,0,0,
573,5.73,0,5.12,0,0,0,
574,8.10,8.06,6.70,0,0,0,
575,0,6.24,0,0,0,0,
576,5.27,6.66,7.68,0,0,0,
577,4.55,7.47,5.34,0,0,0,
578,7.13,7.79,8.47,0,0,0,
582,6.03,5.42,6.56,0,0,0,
585,7.34,7.68,8.00,0,0,0,
586,5.97,7.17,7.07,0,0,0,
587,6.70,5.51,6.15,0,0,0,
588,4.15,7.49,8.33,0,0,0,
593,6.63,6.51,6.63,0,0,0,
595,7.50,6.78,6.43,0,0,0,
596,4.43,5.43,4.15,0,0,0,
597,5.13,4.37,5.13,0,0,0,
598,4.45,4.55,4.85,0,0,0,
599,4.13,4.93,4.66,0,0,0,
602,6.47,7.62,0,0,0,0,
605,9.85,0,0,0,0,0,
609,6.22,5.40,6.06,0,0,0,
610,4.45,4.88,4.98,0,0,0,
611,5.11,5.42,4.87,0,0,0,
612,4.41,5.98,6.47,0,0,0,
613,4.62,5.49,5.24,0,0,0,
614,9.42,8.73,8.24,0,0,0,
618,9.85,0,9.85,0,0,0,
619,0,8.73,0,0,0,0,
643,4.81,4.11,3.67,0,0,0,
645,0,9.63,7.48,0,0,0,
648,5.50,3.90,0,0,0,0,
650,4.21,5.65,5.01,0,0,0,
651,3.73,4.85,4.59,0,0,0,
652,7.88,5.86,5.77,0,0,0,
654,8.33,7.01,8.34,0,0,0,
656,5.93,6.51,7.11,0,0,0,
666,9.85,9.85,9.85,0,0,0,
667,9.85,9.85,9.85,0,0,0,
668,8.21,7.49,0,0,0,0,
669,8.12,8.14,0,0,0,0,
670,5.36,5.21,5.36,0,0,0,
671,5.28,5.49,5.66,0,0,0,
672,4.67,4.88,4.58,0,0,0,
688,8.20,6.69,7.36,0,0,0,
691,0,7.18,0,0,0,0,
694,6.40,7.42,6.63,0,0,0,
695,5.80,4.71,4.46,0,0,0,
697,6.48,6.22,6.27,0,0,0,
698,9.65,8.04,9.66,0,0,0,
703,0,5.39,0,0,0,0,
707,0,0,7.62,0,0,0,
712,4.43,4.91,4.85,0,0,0,
713,7.51,8.68,0,0,0,0,
714,4.21,9.85,0,0,0,0,
716,9.85,8.26,9.85,0,0,0,
717,0,7.70,0,0,7.64,0,
719,4.46,4.78,4.41,0,0,0,
721,4.17,4.27,4.32,0,0,0,
723,3.91,4.37,8.31,0,0,0,
725,3.85,3.82,4.54,0,0,0,
727,4.27,4.13,4.27,0,0,0,
729,7.70,7.11,6.74,0,0,0,
734,6.26,7.63,6.53,0,0,0,
735,7.07,9.66,7.01,0,0,0,
737,3.92,6.53,4.15,0,0,0,
741,4.05,3.41,3.26,0,0,0,
742,2.62,3.46,2.35,0,0,0,
743,9.85,5.97,5.65,0,0,0,
744,9.85,8.31,9.85,0,0,0,
750,8.35,0.68,2.03,0,0,0,
751,2.49,0.94,4.32,0,0,0,
752,5.28,0,2.51,0,0,0,
753,9.85,7.27,8.71,0,0,2.30,
754,6.04,2.32,5.00,0,0,0,
755,2.96,0,2.91,0,0,0,
756,5.66,3.93,4.57,0,0,0,
757,5.50,3.42,0,0,0,0,
759,9.85,0,0,0,0,0,
762,2.49,2.30,3.66,0,0,0,
763,2.74,1.64,3.45,0,0,0,
764,3.26,1.47,4.32,0,0,0,
765,0.66,0.68,1.86,0,0,0,
766,0.87,0.24,0.85,0,0,0,
767,1.55,0.94,1.12,0,0,0,
768,1.90,4.50,2.49,0,0,0,
769,4.02,1.72,2.58,0,0,0,
770,3.24,2.37,2.80,0,0,0,
771,2.30,4.83,0.66,0,0,0,
772,2.50,1.15,3.79,0,0,0,
773,0,1.00,4.45,0,0,0,
774,6.65,3.01,3.33,0,0,0,
776,0,3.79,3.03,0,3.03,0,
777,3.81,1.56,0.98,0,0,0,
,
X,Chain A1,Chain B1,Chain C1,Chain A2,Chain B2,Chain C2,
778,7.73,0,4.36,0,0,0,
779,2.30,4.38,1.60,0,0,0,
780,3.83,3.47,1.47,0,0,0,
781,2.03,0,1.67,0,0,0,
782,5.80,5.15,6.93,0,0,0,
783,9.81,0,7.02,0,0,0,
784,5.93,6.21,6.48,0,0,0,
788,5.21,0,0,0,0,0,
798,5.92,8.32,8.07,0,0,0,
800,7.31,8.12,7.31,0,0,0,
802,5.93,0,0,0,0,0,
805,3.02,4.41,3.77,0,0,0,
806,3.19,5.04,3.92,0,0,0,
808,0,9.85,9.85,0,0,0,
811,9.80,9.85,9.85,0,0,0,
818,0,0,7.55,0,0,0,
820,0.68,0.39,1.28,0,0,0,
821,1.90,1.99,1.00,0,0,0,
822,2.43,1.99,1.88,0,0,0,
823,0.85,2.73,0.98,0,0,0,
824,0.70,2.88,0.96,0,0,0,
825,2.96,4.72,3.02,0,0,0,
826,7.13,0,6.31,0,0,0,
859,4.58,4.81,6.02,0,0,0,
861,6.51,4.80,5.21,0,0,0,
869,0,4.20,0,0,0,0,
870,2.49,2.68,1.90,0,0,0,
871,1.31,0.39,3.68,0,0,0,
872,3.90,3.37,4.27,0,0,2.80,
873,3.56,4.91,4.42,0,0,2.58,
874,4.03,5.52,2.69,0,0,0,
875,0,7.66,0,0,0,0,
876,0.85,3.24,3.45,0,0,0,
877,0.68,0.87,1.90,0,0,0,
878,8.65,3.01,0,0,0,0,
879,5.07,0,3.38,0,0,0,
880,3.27,5.61,4.47,0,0,0,
881,7.10,8.35,9.85,0,0,0,
882,0,0,3.00,0,0,0,
883,6.21,0,0,0,0,0,
884,7.27,6.32,8.13,0,0,0,
885,0,0,9.85,0,0,0,
888,0,0,7.76,0,0,0,
889,3.24,0,0,0,0,0,
890,9.84,5.89,0,0,0,0,
891,6.17,6.50,8.12,0,0,0,
896,7.77,9.55,9.85,0,0,0,
900,0,0,5.25,0,0,0,
901,2.67,3.02,6.40,0,0,0,
902,2.59,1.88,0.68,0,0,0,
903,0.00,0.60,0.94,0,0,0,
904,0.44,1.55,1.28,0,0,0,
905,3.57,3.80,1.12,0,0,0,
906,3.80,2.12,1.40,0,0,0,
907,2.80,1.41,0.44,0,0,0,
908,7.51,1.99,3.54,0,0,0,
909,3.19,2.00,6.23,0,0,0,
910,3.29,2.69,5.08,0,0,0,
911,5.80,6.03,6.01,0,0,0,
915,4.10,4.23,7.63,0,0,0,
916,5.93,8.72,0,0,0,0,
917,0,0,3.80,0,0,0,
918,0.87,1.79,2.49,0,0,0,
919,1.56,1.67,1.15,0,0,0,
920,5.87,6.27,6.27,0,0,0,
922,0,3.38,0,0,0,0,
923,3.22,3.22,3.74,0,0,0,
924,1.60,1.89,2.55,0,0,0,
925,0.39,3.98,2.73,0,0,0,
926,0.66,0.38,2.31,0,0,0,
927,1.90,1.09,1.09,0,0,0,
928,1.60,2.31,2.04,0,0,0,
929,4.18,3.11,1.64,0,0,0,
930,4.62,4.06,4.18,3.83,0,3.41,
931,0.24,0.65,0.60,0,0,0,
932,2.19,1.67,2.19,0,0,0,
933,0,2.94,0,0,0,0,
934,2.66,4.07,3.94,0,0,3.32,
935,3.85,4.17,1.41,0,0,0,
936,4.39,3.81,0,0,0,0,
937,3.19,2.67,3.61,0,0,0,
938,2.89,2.45,0.24,0,0,0,
939,0,9.05,5.05,0,0,0,
940,0,5.32,7.46,0,0,0,
941,8.17,6.04,0,0,0,0,
946,7.97,0,0,0,0,0,
948,6.94,3.21,3.21,0,0,0,
949,6.04,3.02,3.02,0,0,0,
950,3.86,3.65,2.03,0,0,0,
952,0,3.57,5.39,0,0,0,
953,1.46,1.46,1.59,0,0,0,
954,1.86,2.68,1.56,0,0,0,
955,0.38,1.88,0.38,0,0,0,
956,1.46,2.30,1.46,0,0,0,
957,0.24,1.09,0.59,0,0,0,
958,0.38,1.72,0.85,0,0,0,
959,0.00,0.39,0.70,0,0,0,
960,0.66,1.59,1.59,0,0,0,
961,1.15,2.45,1.15,0,0,0,
962,2.04,2.31,0.66,0,0,0,
963,0.66,0.00,0.44,0,0,0,
964,0.66,1.12,0.66,0,0,0,
965,0.65,2.58,1.83,0,0,0,
966,3.28,3.15,3.02,0,0,0,
967,6.07,4.14,4.46,0,0,0,
968,2.88,3.35,3.33,0,0,0,
969,0,8.66,0,0,0,0,
970,7.70,7.07,0,0,0,0,
972,5.55,6.31,5.89,0,0,0,
979,4.29,4.20,4.20,0,0,0,
980,5.49,3.61,5.49,0,0,0,
981,5.12,3.88,4.76,0,0,0,
982,5.31,7.36,5.46,0,0,0,
983,8.00,0,1.60,3.68,0,0,
984,6.45,6.42,0,0,0,0,
989,7.23,7.23,8.93,0,0,0,
990,5.65,6.51,3.76,0,0,0,
991,0,0,4.45,0,0,0,
992,3.57,1.67,0,0,0,0,
993,3.03,1.90,3.22,0,0,0,
994,1.23,2.03,2.54,0,0,0,
995,1.55,1.55,0.85,0,0,0,
996,4.74,2.62,5.35,0,0,0,
997,1.90,2.59,2.15,0,0,0,
998,2.04,3.80,0.66,0,0,0,
999,0.66,1.31,3.06,0,0,0,
1000,3.50,2.49,1.76,0,0,0,
1001,2.97,3.26,2.30,0,0,0,
1002,0.68,0.68,1.49,0,0,0,
1003,2.15,1.00,3.23,0,0,3.13,
1004,0.44,2.58,3.54,0,0,0,
1005,1.09,0.39,0.24,0,0,0,
1006,0.65,1.56,0.85,0,0,0,
1007,2.37,4.66,3.22,0,0,0,
1008,1.12,2.62,0.94,0,0,0,
1009,0.68,0.66,0.87,0,0,0,
1010,1.76,0.00,0.87,0,0,0,
1011,2.49,1.09,1.90,0,0,0,
1012,2.30,1.56,0.65,0,0,0,
1013,1.67,0.70,0.70,0,0,0,
1014,0.66,1.64,2.30,0,0,0,
1015,0.24,0.68,1.67,0,0,0,
1016,1.55,0.44,2.01,0,0,0,
1017,1.75,2.38,0.98,0,0,0,
1018,0.60,2.19,0.60,0,0,0,
1019,1.00,0.68,0.39,0,0,0,
1020,1.28,1.28,1.03,0,0,0,
1021,3.08,1.41,3.70,0,0,0,
1022,2.73,1.00,2.15,0,0,0,
1023,0.96,1.56,1.56,0,0,0,
,
X,Chain A1,Chain B1,Chain C1,Chain A2,Chain B2,Chain C2,
1024,0.44,1.28,0.70,0,0,0,
1025,1.46,1.00,1.00,0,0,0,
1026,0.24,0.44,0.44,0,0,0,
1027,0.39,0.70,0.00,0,0,0,
1028,0.24,0.39,0.24,0,0,0,
1029,0.85,0.87,0.00,0,0,0,
1030,0.94,0.66,0.94,0,0,0,
1031,0.94,0.66,1.46,0,0,0,
1032,5.68,4.92,5.35,0,0,0,
1033,5.61,6.03,5.90,0,0,0,
1034,7.82,7.82,7.25,0,0,0,
1042,0,0,9.85,0,0,0,
1047,7.70,8.79,7.23,0,0,0,
1049,6.75,5.86,6.10,0,0,0,
1050,6.44,6.70,6.46,0,0,0,
1052,5.84,5.43,5.22,0,0,0,
1054,5.44,5.29,5.22,0,0,0,
1060,6.41,6.41,7.64,0,0,0,
1061,7.50,9.58,7.50,0,0,0,
1062,4.37,4.48,3.66,0,0,0,
1063,4.64,4.05,4.17,0,0,0,
1064,5.53,6.36,6.03,0,0,0,
1065,4.27,4.57,4.37,0,0,0,
1066,4.71,6.84,6.59,0,0,0,
1067,6.61,5.96,6.61,0,0,0,
1068,4.66,4.94,5.64,0,0,0,
1070,8.88,7.34,8.87,0,0,0,
1073,7.36,9.85,9.85,0,0,0,
1075,4.51,6.36,4.67,0,0,0,
1076,7.85,8.70,9.49,0,0,0,
1077,5.63,6.07,7.08,0,0,0,
1081,5.72,7.14,0,0,0,0,
1082,6.55,6.91,0,0,0,0,
1083,6.79,7.21,7.84,0,0,0,
1086,6.41,7.50,5.36,0,0,0,
1087,5.40,6.00,5.69,0,0,0,
1088,5.02,4.75,5.66,0,0,0,
1089,6.55,8.30,7.50,0,0,0,
1091,9.61,9.65,8.56,0,0,0,
1094,5.45,4.94,6.29,0,0,0,
1096,5.81,5.49,6.36,0,0,0,
1097,5.17,8.63,5.12,0,0,0,
1098,6.60,6.84,7.56,0,0,0,
1100,8.75,0,0,0,0,0,
1103,4.56,5.15,5.19,0,0,0,
1104,6.52,6.30,6.00,0,0,0,
1105,6.84,6.02,0,0,0,0,
1109,3.68,3.80,4.34,0,0,0,
1110,6.89,8.53,6.86,0,0,0,
1111,0,6.18,0,0,0,0,
1113,0,5.74,0,0,0,0,
1117,6.51,7.23,6.36,0,0,0,
1119,2.97,3.77,4.14,0,0,0,
1120,0,3.68,0,0,0,0,
1121,8.29,0,6.39,0,0,0,
1123,4.86,4.30,4.72,0,0,0,
1126,0,6.70,0,0,0,0,
1127,0,5.76,0,0,0,0,
1133,5.18,0,5.69,0,0,0,
1135,6.77,8.12,0,0,0,0,
1138,9.85,9.63,7.70,0,0,0,
1142,9.85,7.87,5.70,0,0,0,
1144,3.74,4.93,3.56,0,0,0,
1145,4.09,3.32,3.96,0,0,0,
1146,5.37,0,0,0,0,0,
,
,
