,Donor,Donor1,Acceptor,Acceptor1,Cluster,Stress,B-factor,B-factor1,-log Density
0,A,31,A,60,La,2.348,131.04,129.15,5.96
1,A,32,A,30,B2a,2.205,132.91,132.20,6.56
2,A,38,A,223,Lb,3.882,118.81,125.31,7.84
3,A,43,C,565,Lb,5.518,118.78,123.47,9.47
4,A,46,A,280,Lc,3.582,115.33,121.93,9.85
5,A,49,A,277,La,0.323,113.42,114.95,3.94
6,A,51,A,275,La,3.422,120.28,117.20,7.04
7,A,55,A,271,La,3.312,125.92,125.60,6.93
8,A,59,A,31,Lb,5.604,126.81,131.04,9.56
9,A,60,A,57,B3b,1.969,129.15,124.69,6.75
10,A,62,A,29,La,2.387,129.26,128.15,6.00
11,A,63,A,267,La,1.598,126.46,123.00,5.21
12,A,64,A,27,La,2.089,126.81,128.12,5.71
13,A,65,A,265,La,1.504,128.55,128.73,5.12
14,A,84,A,238,La,1.328,138.94,142.09,4.95
15,A,89,A,86,NC-,ND,132.60,139.20,9.85
16,A,90,A,194,La,2.247,127.96,127.97,5.86
17,A,91,A,268,La,4.851,126.13,127.00,8.47
18,A,92,A,192,La,1.410,126.61,127.54,5.03
19,A,93,A,266,La,2.270,124.97,124.31,5.89
20,A,94,A,190,La,1.044,126.44,130.52,4.66
21,A,102,A,241,La,2.603,146.18,149.76,6.22
22,A,104,A,119,La,5.017,146.69,153.82,8.63
23,A,105,A,239,La,2.957,150.52,142.86,6.57
24,A,106,A,117,La,4.162,150.97,158.23,7.78
25,A,107,A,237,La,1.775,157.76,143.94,5.39
26,A,116,A,131,La,3.953,165.49,171.63,7.57
27,A,117,A,106,La,1.558,158.23,150.97,5.17
28,A,118,A,129,La,1.707,157.91,160.02,5.32
29,A,119,A,104,La,2.144,153.82,146.69,5.76
30,A,119,A,117,B2a,1.301,153.82,158.23,5.66
31,A,120,A,127,La,1.256,153.27,154.30,4.87
32,A,120,A,118,B2a,0.721,153.27,157.91,5.08
33,A,121,A,102,La,5.006,156.68,146.18,8.62
34,A,122,A,125,F3a,0.902,164.91,161.80,7.03
35,A,126,A,172,La,3.262,156.46,154.82,6.88
36,A,127,A,120,La,0.378,154.30,153.27,3.99
37,A,128,A,170,La,0.435,156.52,154.10,4.05
38,A,130,A,168,La,1.706,163.18,158.37,5.32
39,A,132,A,164,La,2.762,175.59,184.29,6.38
40,A,161,A,159,B2a,2.556,179.12,177.60,6.91
41,A,170,A,128,La,1.336,154.10,156.52,4.95
42,A,172,A,126,La,0.823,154.82,156.46,4.44
43,A,189,A,208,La,1.448,136.74,139.55,5.07
44,A,190,A,94,La,1.971,130.52,126.44,5.59
45,A,191,A,206,La,0.425,130.41,127.73,4.04
46,A,192,A,92,La,1.002,127.54,126.61,4.62
47,A,193,A,204,La,1.641,126.26,123.93,5.26
48,A,194,A,90,La,0.737,127.97,127.96,4.35
49,A,195,A,202,La,0.271,131.79,134.66,3.89
50,A,197,A,200,F3a,2.442,142.30,145.95,8.57
51,A,200,A,197,B3c,2.623,145.95,142.30,7.83
52,A,201,A,229,La,0.794,141.07,146.87,4.41
53,A,202,A,195,La,3.706,134.66,131.79,7.32
54,A,203,A,227,La,2.248,128.94,138.57,5.86
55,A,204,A,193,La,2.334,123.93,126.26,5.95
56,A,205,A,224,La,3.455,122.36,125.66,7.07
57,A,206,A,191,La,6.186,127.73,130.41,9.80
58,A,208,A,189,La,1.670,139.55,136.74,5.29
59,A,210,A,187,La,1.849,148.27,140.04,5.47
60,A,213,A,211,B2a,1.033,153.49,152.87,5.39
61,A,223,A,36,Lb,3.067,125.31,124.93,7.02
62,A,224,A,205,La,6.235,125.66,122.36,9.85
63,A,226,A,203,La,2.698,132.96,128.94,6.31
64,A,231,A,199,La,3.581,150.45,148.10,7.20
65,A,231,A,229,B2a,0.946,150.45,146.87,5.30
66,A,232,A,199,La,6.235,154.13,148.10,9.85
67,A,238,A,84,La,1.101,142.09,138.94,4.72
68,A,239,A,105,La,2.472,142.86,150.52,6.09
69,A,241,A,103,La,6.045,149.76,147.52,9.66
70,A,243,A,100,La,1.263,152.56,144.51,4.88
71,A,265,A,65,La,1.109,128.73,128.55,4.73
72,A,266,A,93,La,0.361,124.31,124.97,3.98
73,A,267,A,63,La,0.386,123.00,126.46,4.00
74,A,268,A,91,La,2.903,127.00,126.13,6.52
75,A,271,A,55,La,3.011,125.60,125.92,6.63
76,A,273,A,271,B2a,0.700,121.60,125.60,5.06
77,A,275,A,51,La,2.367,117.20,120.28,5.98
78,A,276,A,289,La,0.047,113.10,110.03,3.66
79,A,277,A,49,La,2.186,114.95,113.42,5.80
80,A,278,A,287,La,3.346,113.26,119.15,6.96
81,A,279,A,47,La,2.292,113.74,113.06,5.91
82,A,280,A,284,F4,0.710,121.93,120.91,7.13
83,A,283,A,280,B3a,0.214,121.19,121.93,2.96
84,A,286,A,278,La,3.020,117.69,113.26,6.64
85,A,289,A,276,La,0.737,110.03,113.10,4.35
86,A,291,A,274,La,2.041,113.70,120.26,5.66
87,A,293,A,290,B3a,1.503,109.90,111.87,4.25
88,A,298,A,294,B4a,5.123,106.17,109.55,5.12
89,A,299,A,296,B3a,0.207,103.45,103.04,2.96
90,A,300,A,296,B4a,3.217,99.61,103.04,3.22
91,A,301,A,297,B4a,3.450,105.21,105.44,3.45
92,A,303,A,299,B4a,4.197,100.50,103.45,4.20
93,A,304,A,300,B4a,4.567,99.76,99.61,4.57
94,A,304,A,301,B3a,3.690,99.76,105.21,6.44
95,A,305,A,300,B5a,2.741,102.25,99.61,8.14
96,A,311,A,599,Ld,2.517,84.49,87.60,8.43
97,A,313,A,597,La,0.298,84.52,81.61,3.91
98,A,315,A,595,La,3.500,91.41,89.23,7.12
99,A,318,A,593,La,3.691,101.90,101.04,7.31
100,A,323,A,538,Lb,5.897,131.31,130.51,9.85
101,A,326,A,540,Lb,1.646,127.16,128.83,5.60
102,A,328,A,542,Lb,3.530,127.28,123.28,7.49
103,A,338,A,336,B2a,1.848,140.31,146.86,6.21
104,A,340,A,337,B3a,1.813,142.82,144.97,4.56
105,A,341,A,338,B3a,0.252,142.04,140.31,3.00
106,A,342,A,338,B4a,0.872,143.00,140.31,0.87
107,A,343,A,339,B4a,6.039,149.59,145.13,6.04
108,A,352,A,349,B3a,1.210,143.35,140.67,3.96
109,A,353,A,350,B3a,6.979,137.51,143.06,9.73
110,A,354,A,399,La,3.667,136.57,134.86,7.28
111,A,356,A,397,La,1.469,129.14,127.80,5.09
112,A,358,A,395,La,1.829,132.03,127.98,5.45
113,A,361,A,523,Lb,5.897,143.52,132.75,9.85
114,A,363,A,525,Lb,5.650,137.98,133.03,9.61
115,A,369,A,366,B3a,2.010,140.71,139.41,4.76
116,A,370,A,366,B4a,6.408,145.89,139.41,6.41
117,A,375,A,435,La,5.085,138.71,141.35,8.70
118,A,376,A,435,La,2.052,138.06,141.35,5.67
119,A,378,A,433,La,2.383,122.71,124.71,6.00
120,A,380,A,431,La,2.639,119.36,124.38,6.26
121,A,382,A,380,B2b,0.637,103.27,119.36,7.41
122,A,386,A,383,B3a,3.459,109.83,105.39,6.21
123,A,389,A,386,B3a,0.230,121.60,109.83,2.98
124,A,390,A,387,B3a,1.930,120.24,116.31,4.68
125,A,392,A,524,La,3.039,127.75,131.29,6.66
126,A,393,A,516,La,5.784,131.30,127.77,9.40
127,A,395,A,358,La,3.816,127.98,132.03,7.43
128,A,396,A,514,La,0.511,126.11,125.11,4.13
129,A,397,A,356,La,1.653,127.80,129.14,5.27
130,A,398,A,512,La,0.830,132.35,126.16,4.45
131,A,399,A,354,La,1.407,134.86,136.57,5.02
132,A,400,A,510,La,1.024,138.81,136.35,4.64
133,A,401,A,348,Lb,5.038,145.03,140.49,8.99
134,A,402,A,508,La,0.505,146.56,151.67,4.12
135,A,404,A,506,La,3.974,151.42,159.59,7.59
136,A,404,A,504,La,6.235,151.42,158.92,9.85
137,A,405,A,504,Lf,2.147,149.49,158.92,9.85
138,A,407,A,404,B3a,1.141,144.59,151.42,3.89
139,A,409,A,406,B3a,1.706,142.25,146.67,4.46
140,A,410,A,407,B3a,1.018,139.84,144.59,3.77
141,A,411,A,409,B2a,0.556,134.96,142.25,4.91
142,A,420,A,416,B4a,3.452,138.20,139.17,3.45
143,A,421,A,417,B4a,8.683,141.27,140.72,8.68
144,A,422,A,418,B4a,6.201,142.96,142.13,6.20
145,A,423,A,418,B5b,1.638,138.05,142.13,8.42
146,A,428,A,426,B2a,1.307,131.66,133.71,5.67
147,A,431,A,513,La,6.235,124.38,123.26,9.85
148,A,432,A,513,Ld,0.995,126.97,123.26,6.91
149,A,433,A,378,La,1.504,124.71,122.71,5.12
150,A,434,A,511,La,0.926,132.20,130.79,4.54
151,A,435,A,376,Ld,0.572,141.35,138.06,6.49
152,A,436,A,509,La,2.029,146.05,145.77,5.65
153,A,438,A,507,La,3.245,161.67,159.95,6.86
154,A,441,A,438,B3a,2.011,164.25,161.67,4.76
155,A,442,A,438,B4a,5.854,161.50,161.67,5.85
156,A,453,A,493,La,1.220,152.26,154.66,4.84
157,A,493,A,453,La,1.552,154.66,152.26,5.17
158,A,495,A,451,La,2.585,156.81,152.72,6.20
159,A,506,A,503,B3a,0.491,159.59,159.51,3.24
160,A,508,A,402,La,1.878,151.67,146.56,5.50
161,A,509,A,436,La,1.936,145.77,146.05,5.55
162,A,510,A,400,La,0.928,136.35,138.81,4.54
163,A,511,A,434,La,0.578,130.79,132.20,4.20
164,A,512,A,398,La,0.888,126.16,132.35,4.51
165,A,513,A,432,La,2.646,123.26,126.97,6.26
166,A,514,A,396,La,1.408,125.11,126.11,5.02
167,A,516,A,394,La,2.227,127.77,132.91,5.84
168,A,523,A,392,La,5.659,132.75,127.75,9.28
169,A,524,A,392,La,1.379,131.29,127.75,5.00
170,A,526,A,390,La,6.235,133.03,120.24,9.85
171,A,530,A,528,B2a,4.684,134.28,137.25,9.04
172,A,531,A,327,Lc,1.920,133.34,127.42,8.19
173,A,536,A,552,Lc,1.347,136.67,124.82,7.62
174,A,539,A,550,La,4.500,127.73,122.77,8.12
175,A,541,A,548,La,1.594,123.72,122.24,5.21
176,A,543,A,546,F3a,3.720,124.64,123.77,9.85
177,A,544,A,542,B2a,1.509,129.22,123.28,5.87
178,A,550,A,539,La,0.725,122.77,127.73,4.34
179,A,551,A,588,La,1.660,125.92,127.44,5.28
180,A,553,A,586,La,1.660,130.77,131.82,5.28
181,A,555,A,584,La,3.791,137.86,131.60,7.41
182,A,563,A,560,B3a,0.968,125.87,126.99,3.72
183,A,566,A,575,La,4.093,127.07,129.41,7.71
184,A,567,B,43,Lb,5.568,131.35,118.78,9.52
185,A,568,A,572,F4,3.431,134.23,133.46,9.85
186,A,572,A,569,B3c,0.987,133.46,128.57,6.19
187,A,573,A,571,B2a,1.368,128.44,132.75,5.73
188,A,574,A,566,La,4.479,131.80,127.07,8.10
189,A,576,A,585,La,1.654,125.83,130.65,5.27
190,A,577,A,564,La,0.930,127.58,127.49,4.55
191,A,578,A,583,F5,0.279,131.80,133.25,7.13
192,A,582,A,578,B4a,6.034,134.23,131.80,6.03
193,A,585,A,576,La,3.725,130.65,125.83,7.34
194,A,586,A,553,La,2.355,131.82,130.77,5.97
195,A,587,A,574,La,3.084,127.10,131.80,6.70
196,A,588,A,551,La,0.535,127.44,125.92,4.15
197,A,593,A,318,La,3.009,101.04,101.90,6.63
198,A,595,A,316,La,3.878,89.23,95.38,7.50
199,A,596,A,611,La,0.814,86.07,85.64,4.43
200,A,597,A,313,La,1.512,81.61,84.52,5.13
201,A,598,A,609,La,0.829,84.07,83.05,4.45
202,A,599,A,311,La,0.516,87.60,84.49,4.13
203,A,602,A,308,Ld,0.556,105.04,98.57,6.47
204,A,605,A,601,B4a,9.852,102.20,97.74,9.85
205,A,609,A,598,La,2.604,83.05,84.07,6.22
206,A,610,A,651,La,0.830,80.14,87.81,4.45
207,A,611,A,596,La,1.492,85.64,86.07,5.11
208,A,612,A,649,La,0.788,89.12,98.69,4.41
209,A,613,A,594,La,0.999,97.91,97.18,4.62
210,A,614,A,647,La,5.803,102.63,96.00,9.42
211,A,618,A,616,B2a,5.495,114.37,116.54,9.85
212,A,643,A,650,La,1.190,95.54,90.10,4.81
213,A,648,A,645,B3a,2.753,99.72,100.25,5.50
214,A,650,A,643,La,0.596,90.10,95.54,4.21
215,A,651,A,610,La,0.111,87.81,80.14,3.73
216,A,652,A,641,La,4.265,85.71,93.63,7.88
217,A,654,A,692,Lb,4.380,92.18,84.89,8.33
218,A,656,A,694,Lb,1.975,93.44,85.16,5.93
219,A,666,A,670,F4,3.431,76.68,82.47,9.85
220,A,667,A,670,F3b,3.133,80.56,82.47,9.85
221,A,668,B,863,La,4.589,78.23,74.42,8.21
222,A,669,B,864,Lb,4.169,82.48,77.94,8.12
223,A,670,A,667,B3c,0.156,82.47,80.56,5.36
224,A,671,A,695,La,1.662,87.55,87.72,5.28
225,A,672,A,664,La,1.058,84.54,85.17,4.67
226,A,688,A,691,F3a,2.067,94.95,94.35,8.20
227,A,694,A,654,Lb,2.445,85.16,92.18,6.40
228,A,695,A,671,La,2.187,87.72,87.55,5.80
229,A,697,A,669,La,2.866,88.31,82.48,6.48
230,A,698,A,660,Lb,5.698,85.64,91.61,9.65
231,A,712,A,1075,La,0.810,53.29,58.81,4.43
232,A,713,B,895,Ld,1.594,55.04,57.73,7.51
233,A,714,A,1073,La,0.596,58.34,61.98,4.21
234,A,716,A,1071,La,6.235,60.15,65.40,9.85
235,A,719,A,1068,La,0.841,53.96,51.07,4.46
236,A,721,A,1066,La,0.557,50.05,52.36,4.17
237,A,723,A,1064,La,0.297,53.63,59.98,3.91
238,A,725,A,1062,La,0.234,62.96,56.63,3.85
239,A,727,A,1060,La,0.653,60.06,58.78,4.27
240,A,729,A,1058,La,4.087,61.37,70.48,7.70
241,A,734,A,732,B2a,1.905,74.65,73.29,6.26
242,A,735,A,859,La,3.455,79.17,83.37,7.07
243,A,737,A,857,La,0.299,88.52,92.82,3.92
244,A,741,A,737,B4a,4.047,76.15,88.52,4.05
245,A,742,A,738,B4a,2.621,79.48,84.63,2.62
246,A,743,A,739,B4a,9.852,89.07,84.88,9.85
247,A,744,A,739,NC-,ND,95.38,84.88,9.85
248,A,750,A,746,B4a,8.350,92.71,99.66,8.35
249,A,751,A,747,B4a,2.488,91.79,101.17,2.49
250,A,752,A,749,B3a,2.533,89.84,96.01,5.28
251,A,753,A,749,B4a,9.852,85.73,96.01,9.85
252,A,754,A,750,B4a,6.038,84.66,92.71,6.04
253,A,755,A,752,B3a,0.207,85.34,89.84,2.96
254,A,756,A,753,B3a,2.905,83.08,85.73,5.66
255,A,757,A,754,B3a,2.747,85.05,84.66,5.50
256,A,759,A,756,B3d,3.857,81.59,83.08,9.85
257,A,762,A,758,B4a,2.490,76.14,81.78,2.49
258,A,763,A,759,B4a,2.744,76.06,81.59,2.74
259,A,764,A,760,B4a,3.265,75.40,81.54,3.26
260,A,765,A,761,B4a,0.657,78.04,76.94,0.66
261,A,766,A,762,B4a,0.872,68.18,76.14,0.87
262,A,767,A,763,B4a,1.551,68.02,76.06,1.55
263,A,768,A,764,B4a,1.898,70.50,75.40,1.90
264,A,769,A,765,B4a,4.025,71.81,78.04,4.02
265,A,770,A,767,B3a,0.485,69.43,68.02,3.24
266,A,771,A,767,B4a,2.296,69.52,68.02,2.30
267,A,772,A,768,B4a,2.495,68.18,70.50,2.50
268,A,774,A,770,B4a,6.650,70.52,69.43,6.65
269,A,777,A,773,B4a,3.812,68.36,72.27,3.81
270,A,778,A,774,B4a,7.732,69.60,70.52,7.73
271,A,779,A,775,B4a,2.296,71.72,74.03,2.30
272,A,780,A,776,B4a,3.831,74.50,72.03,3.83
273,A,781,A,777,B4a,2.032,69.67,68.36,2.03
274,A,782,A,778,B4a,5.797,68.55,69.60,5.80
275,A,783,A,779,B4a,9.813,71.42,71.72,9.81
276,A,784,A,782,B2a,1.575,76.43,68.55,5.93
277,A,788,C,701,Lb,1.251,77.33,84.48,5.21
278,A,798,A,796,B2a,1.560,62.22,81.36,5.92
279,A,800,A,797,B3c,2.107,63.60,68.86,7.31
280,A,802,A,800,B2a,1.572,67.13,63.60,5.93
281,A,805,A,802,B3a,0.274,67.86,67.13,3.02
282,A,806,A,802,B4a,3.193,70.38,67.13,3.19
283,A,811,A,808,B3a,7.053,96.13,91.26,9.80
284,A,820,A,816,B4a,0.681,77.78,75.30,0.68
285,A,821,A,817,B4a,1.897,75.24,72.00,1.90
286,A,822,A,818,B4a,2.426,75.46,71.38,2.43
287,A,823,A,819,B4a,0.849,76.19,74.13,0.85
288,A,824,A,820,B4a,0.703,79.00,77.78,0.70
289,A,825,A,822,B3a,0.210,84.33,75.46,2.96
290,A,826,A,823,B3a,4.381,86.27,76.19,7.13
291,A,859,A,735,La,0.963,83.37,79.17,4.58
292,A,861,A,733,La,2.892,75.79,72.76,6.51
293,A,870,A,866,B4a,2.488,66.16,74.25,2.49
294,A,871,A,867,B4a,1.315,65.47,75.25,1.31
295,A,872,A,869,B3a,1.147,64.14,72.17,3.90
296,A,873,A,870,B3a,0.811,63.88,66.16,3.56
297,A,874,A,870,B4a,4.029,58.81,66.16,4.03
298,A,876,A,872,B4a,0.849,59.19,64.14,0.85
299,A,877,A,873,B4a,0.681,57.44,63.88,0.68
300,A,878,A,874,B4a,8.646,57.74,58.81,8.65
301,A,879,A,875,B4a,5.065,57.98,58.43,5.07
302,A,880,A,877,B3a,0.524,58.09,57.44,3.27
303,A,881,A,877,B4a,7.096,58.39,57.44,7.10
304,A,883,A,880,B3a,3.458,59.55,58.09,6.21
305,A,884,A,880,B4a,7.267,59.72,58.09,7.27
306,A,889,A,886,B3a,0.485,74.21,69.14,3.24
307,A,890,A,887,B3a,7.091,72.76,66.97,9.84
308,A,891,A,887,B4a,6.172,69.25,66.97,6.17
309,A,896,A,883,La,4.156,53.79,59.55,7.77
310,A,901,A,897,B4a,2.665,54.38,54.23,2.67
311,A,902,A,898,B4a,2.589,53.88,52.33,2.59
312,A,903,A,899,B4a,0.000,55.80,50.83,0.00
313,A,904,A,900,B4a,0.438,58.96,54.86,0.44
314,A,905,A,901,B4a,3.567,54.83,54.38,3.57
315,A,906,A,902,B4a,3.804,51.39,53.88,3.80
316,A,907,A,903,B4a,2.799,52.23,55.80,2.80
317,A,908,A,904,B4a,7.514,54.60,58.96,7.51
318,A,909,A,906,B3a,0.436,52.98,51.39,3.19
319,A,910,A,906,B4a,3.294,52.44,51.39,3.29
320,A,911,A,906,B5c,0.106,52.45,51.39,5.80
321,A,915,A,912,B3a,1.348,53.31,53.56,4.10
322,A,916,A,913,B3a,3.183,53.38,55.08,5.93
323,A,918,A,914,B4a,0.872,58.16,55.91,0.87
324,A,919,A,915,B4a,1.556,57.10,53.31,1.56
325,A,920,A,917,B3a,3.116,59.06,54.35,5.87
326,A,923,A,919,B4a,3.217,56.31,57.10,3.22
327,A,924,A,920,B4a,1.604,60.18,59.06,1.60
328,A,925,A,921,B4a,0.391,62.09,60.81,0.39
329,A,926,A,922,B4a,0.657,60.86,61.07,0.66
330,A,927,A,923,B4a,1.898,60.77,56.31,1.90
331,A,928,A,924,B4a,1.604,63.55,60.18,1.60
332,A,929,A,925,B4a,4.179,65.11,62.09,4.18
333,A,930,A,927,B3a,1.083,63.70,60.77,3.83
334,A,930,A,926,B4a,4.618,63.70,60.86,4.62
335,A,931,A,927,B4a,0.237,67.20,60.77,0.24
336,A,932,A,928,B4a,2.193,72.91,63.55,2.19
337,A,934,A,930,B4a,2.665,74.83,63.70,2.66
338,A,935,A,931,B4a,3.845,81.60,67.20,3.85
339,A,936,A,932,B4a,4.394,85.45,72.91,4.39
340,A,937,A,933,B4a,3.193,84.58,75.02,3.19
341,A,938,A,934,B4a,2.886,84.93,74.83,2.89
342,A,941,A,937,B4a,8.173,104.63,84.58,8.17
343,A,946,A,943,B3a,5.219,82.85,106.79,7.97
344,A,948,A,945,B3a,4.185,73.57,84.93,6.94
345,A,949,A,945,B4a,6.037,79.08,84.93,6.04
346,A,950,A,946,B4a,3.856,80.06,82.85,3.86
347,A,953,A,949,B4a,1.463,76.81,79.08,1.46
348,A,954,A,950,B4a,1.861,76.53,80.06,1.86
349,A,955,A,951,B4a,0.379,75.57,76.47,0.38
350,A,956,A,952,B4a,1.463,71.29,75.49,1.46
351,A,957,A,953,B4a,0.237,72.11,76.81,0.24
352,A,958,A,954,B4a,0.379,67.90,76.53,0.38
353,A,959,A,955,B4a,0.000,67.60,75.57,0.00
354,A,960,A,956,B4a,0.657,68.60,71.29,0.66
355,A,961,A,957,B4a,1.152,69.47,72.11,1.15
356,A,962,A,958,B4a,2.036,69.05,67.90,2.04
357,A,963,A,959,B4a,0.657,69.63,67.60,0.66
358,A,964,A,960,B4a,0.657,75.11,68.60,0.66
359,A,965,A,961,B4a,0.647,74.83,69.47,0.65
360,A,966,A,963,B3a,0.529,77.13,69.63,3.28
361,A,967,A,964,B3a,3.319,80.36,75.11,6.07
362,A,968,A,965,B3a,0.128,77.56,74.83,2.88
363,A,970,B,755,Lb,3.745,77.72,85.34,7.70
364,A,972,A,969,B3c,0.344,85.99,78.72,5.55
365,A,979,A,976,B3a,1.542,98.42,90.69,4.29
366,A,980,A,976,B4a,5.493,93.25,90.69,5.49
367,A,981,A,977,B4a,5.123,94.57,92.14,5.12
368,A,982,A,978,B4a,5.305,97.66,98.33,5.31
369,A,983,A,980,B3a,0.929,98.52,93.25,3.68
370,A,983,A,979,B4a,7.996,98.52,98.42,8.00
371,A,984,A,981,B3a,3.695,102.69,94.57,6.45
372,A,989,A,985,B4a,7.234,100.29,109.30,7.23
373,A,990,A,986,B4a,5.645,99.57,107.24,5.65
374,A,992,A,988,B4a,3.567,90.31,103.77,3.57
375,A,993,A,989,B4a,3.031,86.02,100.29,3.03
376,A,994,A,990,B4a,1.229,84.53,99.57,1.23
377,A,995,A,991,B4a,1.551,81.54,93.42,1.55
378,A,996,A,992,B4a,4.744,77.12,90.31,4.74
379,A,997,A,993,B4a,1.898,76.10,86.02,1.90
380,A,998,A,994,B4a,2.036,78.54,84.53,2.04
381,A,999,A,995,B4a,0.657,75.96,81.54,0.66
382,A,1000,A,996,B4a,3.500,74.35,77.12,3.50
383,A,1001,A,997,B4a,2.967,72.22,76.10,2.97
384,A,1002,A,998,B4a,0.678,71.39,78.54,0.68
385,A,1003,A,999,B4a,2.155,68.14,75.96,2.15
386,A,1004,A,1000,B4a,0.438,65.66,74.35,0.44
387,A,1005,A,1001,B4a,1.085,66.15,72.22,1.09
388,A,1006,A,1002,B4a,0.647,63.87,71.39,0.65
389,A,1007,A,1003,B4a,2.369,62.09,68.14,2.37
390,A,1008,A,1004,B4a,1.124,59.73,65.66,1.12
391,A,1009,A,1005,B4a,0.678,62.45,66.15,0.68
392,A,1010,A,1006,B4a,1.759,64.52,63.87,1.76
393,A,1011,A,1007,B4a,2.490,63.23,62.09,2.49
394,A,1012,A,1008,B4a,2.302,59.89,59.73,2.30
395,A,1013,A,1009,B4a,1.671,60.84,62.45,1.67
396,A,1014,A,1010,B4a,0.657,66.98,64.52,0.66
397,A,1015,A,1011,B4a,0.237,63.73,63.23,0.24
398,A,1016,A,1012,B4a,1.551,65.76,59.89,1.55
399,A,1017,A,1013,B4a,1.749,66.33,60.84,1.75
400,A,1018,A,1014,B4a,0.603,64.88,66.98,0.60
401,A,1019,A,1015,B4a,1.005,68.05,63.73,1.00
402,A,1020,A,1016,B4a,1.284,65.00,65.76,1.28
403,A,1021,A,1017,B4a,3.084,61.77,66.33,3.08
404,A,1022,A,1018,B4a,2.734,61.95,64.88,2.73
405,A,1023,A,1019,B4a,0.965,65.57,68.05,0.96
406,A,1024,A,1020,B4a,0.438,65.12,65.00,0.44
407,A,1025,A,1021,B4a,1.463,66.52,61.77,1.46
408,A,1026,A,1022,B4a,0.237,68.55,61.95,0.24
409,A,1027,A,1023,B4a,0.391,67.67,65.57,0.39
410,A,1028,A,1024,B4a,0.237,66.41,65.12,0.24
411,A,1029,A,1025,B4a,0.849,67.54,66.52,0.85
412,A,1030,A,1026,B4a,0.941,68.70,68.55,0.94
413,A,1031,A,1027,B4a,0.941,70.00,67.67,0.94
414,A,1032,A,1028,B4a,5.679,64.04,66.41,5.68
415,A,1033,A,1029,B4a,5.608,62.62,67.54,5.61
416,A,1034,A,1029,B5b,1.043,66.16,67.54,7.82
417,A,1047,A,1067,La,4.084,55.63,49.23,7.70
418,A,1049,A,1065,La,3.130,55.03,52.14,6.75
419,A,1050,A,1065,La,2.828,60.23,52.14,6.44
420,A,1052,A,1063,La,2.219,56.45,57.63,5.84
421,A,1054,A,1061,La,1.819,58.49,58.25,5.44
422,A,1060,A,727,La,2.794,58.78,60.06,6.41
423,A,1061,A,1054,La,3.885,58.25,58.49,7.50
424,A,1062,A,725,La,0.751,56.63,62.96,4.37
425,A,1063,A,1052,La,1.024,57.63,56.45,4.64
426,A,1064,A,723,La,1.910,59.98,53.63,5.53
427,A,1065,A,1050,La,0.653,52.14,60.23,4.27
428,A,1066,A,721,La,1.089,52.36,50.05,4.71
429,A,1067,A,1047,La,2.995,49.23,55.63,6.61
430,A,1068,A,719,La,1.040,51.07,53.96,4.66
431,A,1070,A,717,La,5.264,57.88,61.38,8.88
432,A,1073,A,714,La,3.741,61.98,58.34,7.36
433,A,1075,A,712,La,0.889,58.81,53.29,4.51
434,A,1076,A,1097,La,4.236,56.10,61.90,7.85
435,A,1077,A,710,La,2.011,53.97,59.18,5.63
436,A,1081,A,1088,La,2.102,57.51,55.73,5.72
437,A,1082,A,1133,Lb,2.599,71.05,58.96,6.55
438,A,1083,A,1086,F3a,0.655,73.45,71.23,6.79
439,A,1086,A,1083,B3c,1.203,71.23,73.45,6.41
440,A,1087,A,1124,La,1.783,60.44,67.99,5.40
441,A,1088,A,1081,La,1.403,55.73,57.51,5.02
442,A,1089,A,1121,La,2.936,52.53,54.44,6.55
443,A,1091,A,1119,La,5.996,57.69,60.84,9.61
444,A,1094,A,1105,La,1.832,48.96,52.07,5.45
445,A,1096,A,1103,La,2.189,52.21,57.03,5.81
446,A,1097,A,1076,La,1.554,61.90,56.10,5.17
447,A,1098,A,1101,F3a,0.471,75.75,73.22,6.60
448,A,1100,A,1098,B2b,1.975,79.20,75.75,8.75
449,A,1103,A,1096,La,0.948,57.03,52.21,4.56
450,A,1104,A,1113,La,2.904,52.75,55.73,6.52
451,A,1105,A,1094,La,3.224,52.07,48.96,6.84
452,A,1109,A,1106,B3a,0.931,51.83,54.02,3.68
453,A,1110,A,715,Lb,2.935,55.57,56.95,6.89
454,A,1117,A,1138,Lb,2.558,68.12,77.88,6.51
455,A,1119,A,1116,B3a,0.216,60.84,65.37,2.97
456,A,1121,A,1089,La,4.677,54.44,52.53,8.29
457,A,1123,A,1087,La,1.242,58.82,60.44,4.86
458,A,1133,A,1080,Lb,1.227,58.96,53.67,5.18
459,A,1135,A,1082,Lb,2.813,70.06,71.05,6.77
460,A,1138,A,1115,Lb,5.897,77.88,62.00,9.85
461,A,1142,A,1139,B3a,7.101,110.59,89.51,9.85
462,A,1144,A,1140,B4a,3.744,116.36,93.44,3.74
463,A,1145,A,1141,B4a,4.090,120.09,103.30,4.09
464,A,1146,A,1143,B3a,2.619,123.33,115.70,5.37
465,B,29,B,62,La,1.407,128.15,129.26,5.02
466,B,31,B,60,La,2.631,131.04,129.15,6.25
467,B,38,B,223,Lb,5.897,118.81,125.31,9.85
468,B,46,B,279,Lc,2.069,115.33,113.74,8.34
469,B,49,B,277,La,2.586,113.42,114.95,6.20
470,B,51,B,275,La,3.625,120.28,117.20,7.24
471,B,53,B,273,La,6.235,128.20,121.60,9.85
472,B,55,B,271,La,5.615,125.92,125.60,9.23
473,B,55,B,53,B2a,1.031,125.92,128.20,5.39
474,B,59,B,32,Ld,1.125,126.81,132.91,7.04
475,B,59,B,31,Lb,4.934,126.81,131.04,8.89
476,B,62,B,29,La,5.823,129.26,128.15,9.44
477,B,63,B,267,La,3.202,126.46,123.00,6.82
478,B,64,B,27,La,3.227,126.81,128.12,6.84
479,B,65,B,265,La,3.770,128.55,128.73,7.39
480,B,86,B,236,La,5.878,139.20,147.69,9.49
481,B,90,B,194,La,3.323,127.96,127.97,6.94
482,B,91,B,268,La,5.958,126.13,127.00,9.57
483,B,92,B,192,La,1.143,126.61,127.54,4.76
484,B,93,B,266,La,3.815,124.97,124.31,7.43
485,B,94,B,190,La,1.024,126.44,130.52,4.64
486,B,98,B,96,B2a,3.031,138.27,129.55,7.39
487,B,104,B,119,La,3.617,146.69,153.82,7.23
488,B,106,B,117,La,4.427,150.97,158.23,8.04
489,B,107,B,237,La,1.713,157.76,143.94,5.33
490,B,114,B,111,B3a,3.011,169.78,171.64,5.76
491,B,117,B,106,La,1.146,158.23,150.97,4.76
492,B,118,B,129,La,1.158,157.91,160.02,4.78
493,B,120,B,127,La,0.475,153.27,154.30,4.09
494,B,121,B,102,La,4.163,156.68,146.18,7.78
495,B,122,B,125,F3a,1.528,164.91,161.80,7.66
496,B,126,B,172,La,3.810,156.46,154.82,7.43
497,B,127,B,120,La,0.762,154.30,153.27,4.38
498,B,128,B,170,La,0.234,156.52,154.10,3.85
499,B,130,B,168,La,3.338,163.18,158.37,6.96
500,B,133,B,131,B2a,0.144,175.99,171.63,4.50
501,B,161,B,159,B2a,2.507,179.12,177.60,6.86
502,B,170,B,128,La,0.824,154.10,156.52,4.44
503,B,172,B,126,La,1.010,154.82,156.46,4.63
504,B,189,B,208,La,0.535,136.74,139.55,4.15
505,B,190,B,94,La,1.504,130.52,126.44,5.12
506,B,192,B,92,La,1.056,127.54,126.61,4.67
507,B,193,B,204,La,4.287,126.26,123.93,7.90
508,B,194,B,90,La,2.360,127.97,127.96,5.98
509,B,195,B,202,La,0.733,131.79,134.66,4.35
510,B,197,B,200,F3a,1.348,142.30,145.95,7.48
511,B,200,B,197,B3c,2.852,145.95,142.30,8.06
512,B,201,B,229,La,1.203,141.07,146.87,4.82
513,B,202,B,195,La,0.484,134.66,131.79,4.10
514,B,203,B,227,La,3.895,128.94,138.57,7.51
515,B,204,B,193,La,2.981,123.93,126.26,6.60
516,B,205,B,224,La,1.053,122.36,125.66,4.67
517,B,208,B,189,La,2.604,139.55,136.74,6.22
518,B,223,B,36,Lb,2.452,125.31,124.93,6.41
519,B,224,B,205,La,5.573,125.66,122.36,9.19
520,B,226,B,203,La,2.862,132.96,128.94,6.48
521,B,229,B,201,La,0.525,146.87,141.07,4.14
522,B,231,B,229,B2a,0.285,150.45,146.87,4.64
523,B,232,B,199,La,6.235,154.13,148.10,9.85
524,B,236,B,107,La,6.235,147.69,157.76,9.85
525,B,237,B,107,La,1.949,143.94,157.76,5.57
526,B,238,B,84,La,0.903,142.09,138.94,4.52
527,B,241,B,103,La,2.175,149.76,147.52,5.79
528,B,265,B,65,La,1.159,128.73,128.55,4.78
529,B,266,B,93,La,1.744,124.31,124.97,5.36
530,B,267,B,63,La,2.002,123.00,126.46,5.62
531,B,268,B,91,La,2.381,127.00,126.13,6.00
532,B,271,B,55,La,4.066,125.60,125.92,7.68
533,B,273,B,271,B2a,2.507,121.60,125.60,6.86
534,B,273,B,53,La,4.087,121.60,128.20,7.70
535,B,275,B,51,La,1.542,117.20,120.28,5.16
536,B,276,B,289,La,2.162,113.10,110.03,5.78
537,B,277,B,49,La,2.387,114.95,113.42,6.00
538,B,278,B,287,La,3.990,113.26,119.15,7.61
539,B,279,B,47,La,0.849,113.74,113.06,4.47
540,B,280,B,284,F4,2.405,121.93,120.91,8.83
541,B,283,B,280,B3a,1.953,121.19,121.93,4.70
542,B,286,B,278,La,2.195,117.69,113.26,5.81
543,B,289,B,276,La,2.430,110.03,113.10,6.05
544,B,291,B,274,La,1.842,113.70,120.26,5.46
545,B,293,B,290,B3a,4.591,109.90,111.87,7.34
546,B,298,B,294,B4a,3.704,106.17,109.55,3.70
547,B,299,B,296,B3a,1.475,103.45,103.04,4.23
548,B,300,B,296,B4a,3.801,99.61,103.04,3.80
549,B,301,B,297,B4a,3.812,105.21,105.44,3.81
550,B,302,B,299,B3a,3.057,103.01,103.45,5.81
551,B,303,B,299,B4a,7.200,100.50,103.45,7.20
552,B,304,B,300,B4a,5.373,99.76,99.61,5.37
553,B,305,B,300,B5a,0.546,102.25,99.61,5.94
554,B,311,B,599,Ld,3.219,84.49,87.60,9.13
555,B,313,B,597,La,0.323,84.52,81.61,3.94
556,B,315,B,595,La,3.005,91.41,89.23,6.62
557,B,318,B,593,La,5.411,101.90,101.04,9.03
558,B,326,B,540,Lb,0.905,127.16,128.83,4.86
559,B,338,B,336,B2a,1.848,140.31,146.86,6.21
560,B,341,B,338,B3a,1.456,142.04,140.31,4.21
561,B,342,B,338,B4a,5.114,143.00,140.31,5.11
562,B,343,B,339,B4a,4.710,149.59,145.13,4.71
563,B,353,B,350,B3a,4.617,137.51,143.06,7.37
564,B,354,B,399,La,5.160,136.57,134.86,8.78
565,B,358,B,395,La,0.754,132.03,127.98,4.37
566,B,362,B,334,Lb,3.914,139.26,137.97,7.87
567,B,363,B,525,Lb,4.274,137.98,133.03,8.23
568,B,369,B,365,B4a,4.483,140.71,134.11,4.48
569,B,370,B,366,B4a,8.655,145.89,139.41,8.66
570,B,371,B,368,B3a,2.314,147.25,139.66,5.06
571,B,376,B,435,La,1.322,138.06,141.35,4.94
572,B,378,B,433,La,3.618,122.71,124.71,7.23
573,B,380,B,431,La,1.053,119.36,124.38,4.67
574,B,383,C,983,Lb,5.897,105.39,98.52,9.85
575,B,386,B,383,B3a,0.565,109.83,105.39,3.32
576,B,389,B,386,B3a,0.206,121.60,109.83,2.96
577,B,390,B,387,B3a,1.151,120.24,116.31,3.90
578,B,392,B,524,La,0.844,127.75,131.29,4.46
579,B,393,B,516,La,3.637,131.30,127.77,7.25
580,B,395,B,358,La,2.752,127.98,132.03,6.37
581,B,396,B,514,La,1.934,126.11,125.11,5.55
582,B,397,B,356,La,0.940,127.80,129.14,4.56
583,B,398,B,512,La,2.591,132.35,126.16,6.21
584,B,399,B,354,La,0.835,134.86,136.57,4.45
585,B,400,B,510,La,0.606,138.81,136.35,4.22
586,B,402,B,508,La,0.428,146.56,151.67,4.05
587,B,404,B,506,La,6.096,151.42,159.59,9.71
588,B,405,B,504,Lf,2.147,149.49,158.92,9.85
589,B,407,B,404,B3a,1.198,144.59,151.42,3.95
590,B,409,B,406,B3a,1.963,142.25,146.67,4.71
591,B,410,B,407,B3a,0.492,139.84,144.59,3.24
592,B,411,B,409,B2a,0.773,134.96,142.25,5.13
593,B,420,B,416,B4a,5.465,138.20,139.17,5.47
594,B,421,B,417,B4a,6.441,141.27,140.72,6.44
595,B,422,B,418,B4a,7.261,142.96,142.13,7.26
596,B,423,B,418,B5b,1.317,138.05,142.13,8.10
597,B,428,B,426,B2a,3.125,131.66,133.71,7.48
598,B,432,B,513,La,5.398,126.97,123.26,9.01
599,B,433,B,378,La,1.746,124.71,122.71,5.36
600,B,434,B,511,La,0.921,132.20,130.79,4.54
601,B,436,B,509,La,2.401,146.05,145.77,6.02
602,B,438,B,507,La,2.976,161.67,159.95,6.59
603,B,441,B,438,B3a,0.492,164.25,161.67,3.24
604,B,442,B,438,B4a,6.021,161.50,161.67,6.02
605,B,453,B,493,La,3.084,152.26,154.66,6.70
606,B,461,B,420,La,6.235,140.93,138.20,9.85
607,B,464,B,424,Lc,3.534,133.24,135.11,9.80
608,B,473,B,489,La,3.660,215.97,161.55,7.28
609,B,493,B,453,La,3.706,154.66,152.26,7.32
610,B,495,B,451,La,2.742,156.81,152.72,6.36
611,B,506,B,503,B3a,3.397,159.59,159.51,6.15
612,B,508,B,402,La,2.165,151.67,146.56,5.78
613,B,509,B,436,La,2.358,145.77,146.05,5.97
614,B,510,B,400,La,0.888,136.35,138.81,4.51
615,B,511,B,434,La,0.616,130.79,132.20,4.23
616,B,512,B,398,La,2.243,126.16,132.35,5.86
617,B,513,B,432,La,1.522,123.26,126.97,5.14
618,B,514,B,396,La,1.644,125.11,126.11,5.26
619,B,523,B,392,La,5.765,132.75,127.75,9.38
620,B,524,B,392,La,1.858,131.29,127.75,5.48
621,B,528,B,526,B2a,0.978,137.25,133.03,5.34
622,B,536,B,552,Lc,1.466,136.67,124.82,7.74
623,B,539,B,550,La,4.437,127.73,122.77,8.05
624,B,541,B,548,La,1.741,123.72,122.24,5.36
625,B,542,B,326,Lb,0.702,123.28,127.16,4.66
626,B,543,B,546,F3a,3.720,124.64,123.77,9.85
627,B,544,B,542,B2a,4.666,129.22,123.28,9.02
628,B,544,B,328,Lb,2.879,129.22,127.28,6.83
629,B,546,B,543,B3d,0.572,123.77,124.64,6.57
630,B,548,B,541,La,5.513,122.24,123.72,9.13
631,B,550,B,539,La,1.450,122.77,127.73,5.07
632,B,551,B,588,La,1.737,125.92,127.44,5.35
633,B,553,B,586,La,1.142,130.77,131.82,4.76
634,B,563,B,560,B3a,2.217,125.87,126.99,4.97
635,B,566,B,575,La,2.069,127.07,129.41,5.69
636,B,567,C,43,Lb,5.897,131.35,118.78,9.85
637,B,574,B,566,La,4.440,131.80,127.07,8.06
638,B,575,B,566,La,2.621,129.41,127.07,6.24
639,B,576,B,585,La,3.041,125.83,130.65,6.66
640,B,577,B,564,La,3.851,127.58,127.49,7.47
641,B,578,B,583,F5,0.932,131.80,133.25,7.79
642,B,582,B,578,B4a,5.421,134.23,131.80,5.42
643,B,585,B,576,La,4.058,130.65,125.83,7.68
644,B,586,B,553,La,3.552,131.82,130.77,7.17
645,B,587,B,574,La,1.893,127.10,131.80,5.51
646,B,588,B,551,La,3.869,127.44,125.92,7.49
647,B,593,B,318,La,2.890,101.04,101.90,6.51
648,B,595,B,316,La,3.166,89.23,95.38,6.78
649,B,596,B,611,La,1.816,86.07,85.64,5.43
650,B,597,B,313,La,0.752,81.61,84.52,4.37
651,B,598,B,609,La,0.936,84.07,83.05,4.55
652,B,599,B,311,La,1.315,87.60,84.49,4.93
653,B,602,B,308,La,4.000,105.04,98.57,7.62
654,B,609,B,598,La,1.783,83.05,84.07,5.40
655,B,610,B,651,La,1.261,80.14,87.81,4.88
656,B,611,B,596,La,1.801,85.64,86.07,5.42
657,B,612,B,649,La,2.367,89.12,98.69,5.98
658,B,613,B,594,La,1.872,97.91,97.18,5.49
659,B,614,B,647,La,5.117,102.63,96.00,8.73
660,B,619,B,616,B3a,5.980,116.70,116.54,8.73
661,B,643,B,650,La,0.492,95.54,90.10,4.11
662,B,645,B,648,F3a,3.497,100.25,99.72,9.63
663,B,648,B,645,B3a,1.148,99.72,100.25,3.90
664,B,650,B,643,La,2.028,90.10,95.54,5.65
665,B,651,B,610,La,1.234,87.81,80.14,4.85
666,B,652,B,641,La,2.246,85.71,93.63,5.86
667,B,654,B,692,Lb,3.052,92.18,84.89,7.01
668,B,656,B,694,Lb,2.558,93.44,85.16,6.51
669,B,666,B,670,NC-,ND,76.68,82.47,9.85
670,B,667,B,670,F3b,3.133,80.56,82.47,9.85
671,B,668,C,863,La,3.877,78.23,74.42,7.49
672,B,669,C,864,Lb,4.183,82.48,77.94,8.14
673,B,670,B,667,B3c,0.002,82.47,80.56,5.21
674,B,671,B,695,La,1.873,87.55,87.72,5.49
675,B,672,B,664,La,1.268,84.54,85.17,4.88
676,B,688,B,691,F3a,0.559,94.95,94.35,6.69
677,B,691,B,688,B3c,1.974,94.35,94.95,7.18
678,B,694,B,654,Lb,3.463,85.16,92.18,7.42
679,B,695,B,671,La,1.089,87.72,87.55,4.71
680,B,697,B,669,La,2.603,88.31,82.48,6.22
681,B,698,B,660,Lb,4.085,85.64,91.61,8.04
682,B,703,B,701,B2a,1.031,83.43,84.48,5.39
683,B,712,B,1075,La,1.298,53.29,58.81,4.91
684,B,713,C,895,La,5.063,55.04,57.73,8.68
685,B,714,B,1073,La,6.235,58.34,61.98,9.85
686,B,716,B,1071,La,4.646,60.15,65.40,8.26
687,B,717,B,1071,La,4.024,61.38,65.40,7.64
688,B,717,B,1070,La,4.084,61.38,57.88,7.70
689,B,719,B,1068,La,1.159,53.96,51.07,4.78
690,B,721,B,1066,La,0.656,50.05,52.36,4.27
691,B,723,B,1064,La,0.751,53.63,59.98,4.37
692,B,725,B,1062,La,0.201,62.96,56.63,3.82
693,B,727,B,1060,La,0.510,60.06,58.78,4.13
694,B,729,B,1058,La,3.492,61.37,70.48,7.11
695,B,734,B,732,B2a,3.276,74.65,73.29,7.63
696,B,735,B,859,La,6.045,79.17,83.37,9.66
697,B,737,B,857,La,2.914,88.52,92.82,6.53
698,B,741,B,737,B4a,3.409,76.15,88.52,3.41
699,B,742,B,738,B4a,3.460,79.48,84.63,3.46
700,B,743,B,739,B4a,5.970,89.07,84.88,5.97
701,B,744,B,739,B5d,1.672,95.38,84.88,8.31
702,B,750,B,746,B4a,0.678,92.71,99.66,0.68
703,B,751,B,747,B4a,0.941,91.79,101.17,0.94
704,B,753,B,750,B3a,4.522,85.73,92.71,7.27
705,B,754,B,750,B4a,2.319,84.66,92.71,2.32
706,B,756,B,753,B3a,1.182,83.08,85.73,3.93
707,B,757,B,754,B3a,0.669,85.05,84.66,3.42
708,B,762,B,758,B4a,2.298,76.14,81.78,2.30
709,B,763,B,759,B4a,1.640,76.06,81.59,1.64
710,B,764,B,760,B4a,1.468,75.40,81.54,1.47
711,B,765,B,761,B4a,0.678,78.04,76.94,0.68
712,B,766,B,762,B4a,0.237,68.18,76.14,0.24
713,B,767,B,763,B4a,0.941,68.02,76.06,0.94
714,B,768,B,764,B4a,4.505,70.50,75.40,4.50
715,B,769,B,765,B4a,1.716,71.81,78.04,1.72
716,B,770,B,766,B4a,2.369,69.43,68.18,2.37
717,B,771,B,767,B4a,4.828,69.52,68.02,4.83
718,B,772,B,768,B4a,1.152,68.18,70.50,1.15
719,B,773,B,769,B4a,1.005,72.27,71.81,1.00
720,B,774,B,770,B4a,3.010,70.52,69.43,3.01
721,B,776,B,772,B4a,3.788,72.03,68.18,3.79
722,B,776,B,773,B3a,0.279,72.03,72.27,3.03
723,B,777,B,773,B4a,1.559,68.36,72.27,1.56
724,B,779,B,775,B4a,4.375,71.72,74.03,4.38
725,B,780,B,776,B4a,3.468,74.50,72.03,3.47
726,B,782,B,778,B4a,5.148,68.55,69.60,5.15
727,B,784,B,782,B2a,1.848,76.43,68.55,6.21
728,B,798,B,796,B2a,3.958,62.22,81.36,8.32
729,B,800,B,797,B3c,2.916,63.60,68.86,8.12
730,B,805,B,802,B3a,1.658,67.86,67.13,4.41
731,B,806,B,802,B4a,5.041,70.38,67.13,5.04
732,B,808,B,815,La,6.235,91.26,77.91,9.85
733,B,811,B,808,B3a,7.101,96.13,91.26,9.85
734,B,820,B,816,B4a,0.391,77.78,75.30,0.39
735,B,821,B,817,B4a,1.990,75.24,72.00,1.99
736,B,822,B,818,B4a,1.990,75.46,71.38,1.99
737,B,823,B,819,B4a,2.734,76.19,74.13,2.73
738,B,824,B,821,B3a,0.128,79.00,75.24,2.88
739,B,825,B,822,B3a,1.964,84.33,75.46,4.72
740,B,859,B,735,La,1.196,83.37,79.17,4.81
741,B,861,B,733,La,1.187,75.79,72.76,4.80
742,B,869,B,866,B3a,1.447,72.17,74.25,4.20
743,B,870,B,866,B4a,2.684,66.16,74.25,2.68
744,B,871,B,867,B4a,0.391,65.47,75.25,0.39
745,B,872,B,869,B3a,0.615,64.14,72.17,3.37
746,B,873,B,870,B3a,2.164,63.88,66.16,4.91
747,B,874,B,870,B4a,5.521,58.81,66.16,5.52
748,B,875,B,871,B4a,7.659,58.43,65.47,7.66
749,B,876,B,873,B3a,0.491,59.19,63.88,3.24
750,B,877,B,873,B4a,0.872,57.44,63.88,0.87
751,B,878,B,874,B4a,3.010,57.74,58.81,3.01
752,B,880,B,876,B4a,5.606,58.09,59.19,5.61
753,B,881,B,877,B4a,8.350,58.39,57.44,8.35
754,B,884,B,880,B4a,6.316,59.72,58.09,6.32
755,B,890,B,887,B3a,3.138,72.76,66.97,5.89
756,B,891,B,887,B4a,6.500,69.25,66.97,6.50
757,B,896,B,883,La,5.935,53.79,59.55,9.55
758,B,901,B,897,B4a,3.020,54.38,54.23,3.02
759,B,902,B,898,B4a,1.880,53.88,52.33,1.88
760,B,903,B,899,B4a,0.603,55.80,50.83,0.60
761,B,904,B,900,B4a,1.551,58.96,54.86,1.55
762,B,905,B,901,B4a,3.801,54.83,54.38,3.80
763,B,906,B,902,B4a,2.121,51.39,53.88,2.12
764,B,907,B,903,B4a,1.407,52.23,55.80,1.41
765,B,908,B,904,B4a,1.990,54.60,58.96,1.99
766,B,909,B,905,B4a,2.004,52.98,54.83,2.00
767,B,910,B,906,B4a,2.690,52.44,51.39,2.69
768,B,911,B,906,B5a,0.626,52.45,51.39,6.03
769,B,915,B,912,B3a,1.475,53.31,53.56,4.23
770,B,916,B,913,B3a,5.967,53.38,55.08,8.72
771,B,918,B,914,B4a,1.790,58.16,55.91,1.79
772,B,919,B,915,B4a,1.671,57.10,53.31,1.67
773,B,920,B,917,B3a,3.518,59.06,54.35,6.27
774,B,922,B,919,B3a,0.625,61.07,57.10,3.38
775,B,923,B,919,B4a,3.217,56.31,57.10,3.22
776,B,924,B,920,B4a,1.892,60.18,59.06,1.89
777,B,925,B,921,B4a,3.983,62.09,60.81,3.98
778,B,926,B,922,B4a,0.379,60.86,61.07,0.38
779,B,927,B,923,B4a,1.085,60.77,56.31,1.09
780,B,928,B,924,B4a,2.306,63.55,60.18,2.31
781,B,929,B,925,B4a,3.110,65.11,62.09,3.11
782,B,930,B,926,B4a,4.059,63.70,60.86,4.06
783,B,931,B,927,B4a,0.647,67.20,60.77,0.65
784,B,932,B,928,B4a,1.671,72.91,63.55,1.67
785,B,933,B,930,B3a,0.194,75.02,63.70,2.94
786,B,934,B,931,B3a,1.319,74.83,67.20,4.07
787,B,935,B,931,B4a,4.166,81.60,67.20,4.17
788,B,936,B,932,B4a,3.812,85.45,72.91,3.81
789,B,937,B,933,B4a,2.665,84.58,75.02,2.67
790,B,938,B,934,B4a,2.454,84.93,74.83,2.45
791,B,939,B,935,B4a,9.055,91.46,81.60,9.05
792,B,940,B,936,B4a,5.319,98.72,85.45,5.32
793,B,941,B,937,B4a,6.038,104.63,84.58,6.04
794,B,948,B,945,B3a,0.462,73.57,84.93,3.21
795,B,949,B,945,B4a,3.020,79.08,84.93,3.02
796,B,950,B,946,B4a,3.650,80.06,82.85,3.65
797,B,952,B,948,B4a,3.567,75.49,73.57,3.57
798,B,953,B,949,B4a,1.463,76.81,79.08,1.46
799,B,954,B,950,B4a,2.684,76.53,80.06,2.68
800,B,955,B,951,B4a,1.876,75.57,76.47,1.88
801,B,956,B,952,B4a,2.296,71.29,75.49,2.30
802,B,957,B,953,B4a,1.085,72.11,76.81,1.09
803,B,958,B,954,B4a,1.716,67.90,76.53,1.72
804,B,959,B,955,B4a,0.391,67.60,75.57,0.39
805,B,960,B,956,B4a,1.592,68.60,71.29,1.59
806,B,961,B,957,B4a,2.447,69.47,72.11,2.45
807,B,962,B,958,B4a,2.306,69.05,67.90,2.31
808,B,963,B,959,B4a,0.000,69.63,67.60,0.00
809,B,964,B,960,B4a,1.124,75.11,68.60,1.12
810,B,965,B,961,B4a,2.582,74.83,69.47,2.58
811,B,966,B,963,B3a,0.398,77.13,69.63,3.15
812,B,967,B,964,B3a,1.394,80.36,75.11,4.14
813,B,968,B,965,B3a,0.604,77.56,74.83,3.35
814,B,969,C,755,Le,1.053,78.72,85.34,8.66
815,B,970,C,755,Lb,3.115,77.72,85.34,7.07
816,B,972,B,969,B3c,1.104,85.99,78.72,6.31
817,B,979,B,976,B3a,1.445,98.42,90.69,4.20
818,B,980,B,976,B4a,3.613,93.25,90.69,3.61
819,B,981,B,977,B4a,3.885,94.57,92.14,3.88
820,B,982,B,978,B4a,7.362,97.66,98.33,7.36
821,B,984,B,981,B3a,3.667,102.69,94.57,6.42
822,B,989,B,985,B4a,7.234,100.29,109.30,7.23
823,B,990,B,986,B4a,6.514,99.57,107.24,6.51
824,B,992,B,988,B4a,1.671,90.31,103.77,1.67
825,B,993,B,989,B4a,1.898,86.02,100.29,1.90
826,B,994,B,990,B4a,2.032,84.53,99.57,2.03
827,B,995,B,991,B4a,1.551,81.54,93.42,1.55
828,B,996,B,992,B4a,2.618,77.12,90.31,2.62
829,B,997,B,993,B4a,2.589,76.10,86.02,2.59
830,B,998,B,994,B4a,3.804,78.54,84.53,3.80
831,B,999,B,995,B4a,1.315,75.96,81.54,1.31
832,B,1000,B,996,B4a,2.486,74.35,77.12,2.49
833,B,1001,B,997,B4a,3.255,72.22,76.10,3.26
834,B,1002,B,998,B4a,0.678,71.39,78.54,0.68
835,B,1003,B,999,B4a,1.005,68.14,75.96,1.00
836,B,1004,B,1000,B4a,2.582,65.66,74.35,2.58
837,B,1005,B,1001,B4a,0.391,66.15,72.22,0.39
838,B,1006,B,1002,B4a,1.559,63.87,71.39,1.56
839,B,1007,B,1003,B4a,4.662,62.09,68.14,4.66
840,B,1008,B,1004,B4a,2.618,59.73,65.66,2.62
841,B,1009,B,1005,B4a,0.657,62.45,66.15,0.66
842,B,1010,B,1006,B4a,0.000,64.52,63.87,0.00
843,B,1011,B,1007,B4a,1.085,63.23,62.09,1.09
844,B,1012,B,1008,B4a,1.559,59.89,59.73,1.56
845,B,1013,B,1009,B4a,0.703,60.84,62.45,0.70
846,B,1014,B,1010,B4a,1.640,66.98,64.52,1.64
847,B,1015,B,1011,B4a,0.678,63.73,63.23,0.68
848,B,1016,B,1012,B4a,0.438,65.76,59.89,0.44
849,B,1017,B,1013,B4a,2.381,66.33,60.84,2.38
850,B,1018,B,1014,B4a,2.193,64.88,66.98,2.19
851,B,1019,B,1015,B4a,0.681,68.05,63.73,0.68
852,B,1020,B,1016,B4a,1.284,65.00,65.76,1.28
853,B,1021,B,1017,B4a,1.407,61.77,66.33,1.41
854,B,1022,B,1018,B4a,1.005,61.95,64.88,1.00
855,B,1023,B,1019,B4a,1.559,65.57,68.05,1.56
856,B,1024,B,1020,B4a,1.284,65.12,65.00,1.28
857,B,1025,B,1021,B4a,1.005,66.52,61.77,1.00
858,B,1026,B,1022,B4a,0.438,68.55,61.95,0.44
859,B,1027,B,1023,B4a,0.703,67.67,65.57,0.70
860,B,1028,B,1024,B4a,0.391,66.41,65.12,0.39
861,B,1029,B,1025,B4a,0.872,67.54,66.52,0.87
862,B,1030,B,1026,B4a,0.657,68.70,68.55,0.66
863,B,1031,B,1027,B4a,0.657,70.00,67.67,0.66
864,B,1032,B,1028,B4a,4.917,64.04,66.41,4.92
865,B,1033,B,1029,B4a,6.033,62.62,67.54,6.03
866,B,1034,B,1029,B5b,1.043,66.16,67.54,7.82
867,B,1047,B,1067,La,5.177,55.63,49.23,8.79
868,B,1049,B,1065,La,2.238,55.03,52.14,5.86
869,B,1050,B,1065,La,3.078,60.23,52.14,6.70
870,B,1052,B,1063,La,1.812,56.45,57.63,5.43
871,B,1054,B,1061,La,1.668,58.49,58.25,5.29
872,B,1060,B,727,La,2.794,58.78,60.06,6.41
873,B,1061,B,1054,La,5.965,58.25,58.49,9.58
874,B,1062,B,725,La,0.867,56.63,62.96,4.48
875,B,1063,B,1052,La,0.428,57.63,56.45,4.05
876,B,1064,B,723,La,2.744,59.98,53.63,6.36
877,B,1065,B,1050,La,0.949,52.14,60.23,4.57
878,B,1066,B,721,La,3.224,52.36,50.05,6.84
879,B,1067,B,1047,La,2.345,49.23,55.63,5.96
880,B,1068,B,719,La,1.327,51.07,53.96,4.94
881,B,1070,B,717,La,3.727,57.88,61.38,7.34
882,B,1073,B,714,La,6.235,61.98,58.34,9.85
883,B,1075,B,712,La,2.748,58.81,53.29,6.36
884,B,1076,B,1097,La,5.078,56.10,61.90,8.70
885,B,1077,B,710,La,2.455,53.97,59.18,6.07
886,B,1081,B,1088,La,3.525,57.51,55.73,7.14
887,B,1082,B,1133,Lb,2.951,71.05,58.96,6.91
888,B,1083,B,1086,F3a,1.081,73.45,71.23,7.21
889,B,1086,B,1083,B3c,2.297,71.23,73.45,7.50
890,B,1087,B,1124,La,2.383,60.44,67.99,6.00
891,B,1088,B,1081,La,1.135,55.73,57.51,4.75
892,B,1089,B,1121,La,4.683,52.53,54.44,8.30
893,B,1091,B,1119,La,6.036,57.69,60.84,9.65
894,B,1094,B,1105,La,1.319,48.96,52.07,4.94
895,B,1096,B,1103,La,1.877,52.21,57.03,5.49
896,B,1097,B,1076,La,5.014,61.90,56.10,8.63
897,B,1098,B,1101,F3a,0.712,75.75,73.22,6.84
898,B,1103,B,1096,La,1.535,57.03,52.21,5.15
899,B,1104,B,1113,La,2.687,52.75,55.73,6.30
900,B,1105,B,1094,La,2.407,52.07,48.96,6.02
901,B,1109,B,1106,B3a,1.053,51.83,54.02,3.80
902,B,1110,B,715,Lb,4.572,55.57,56.95,8.53
903,B,1111,B,1109,B2a,1.821,55.50,51.83,6.18
904,B,1113,B,1104,La,2.126,55.73,52.75,5.74
905,B,1117,B,1138,Lb,3.277,68.12,77.88,7.23
906,B,1119,B,1116,B3a,1.021,60.84,65.37,3.77
907,B,1120,B,1117,B3a,0.931,56.22,68.12,3.68
908,B,1123,B,1087,La,0.680,58.82,60.44,4.30
909,B,1126,B,1085,La,3.084,77.06,75.31,6.70
910,B,1127,B,1125,B2a,1.397,75.97,74.73,5.76
911,B,1135,B,1082,Lb,4.162,70.06,71.05,8.12
912,B,1138,B,1115,Lb,5.674,77.88,62.00,9.63
913,B,1142,B,1139,B3a,5.123,110.59,89.51,7.87
914,B,1144,B,1140,B4a,4.933,116.36,93.44,4.93
915,B,1145,B,1141,B4a,3.324,120.09,103.30,3.32
916,C,29,C,62,La,0.791,128.15,129.26,4.41
917,C,31,C,60,La,2.180,131.04,129.15,5.80
918,C,32,C,30,B2a,1.389,132.91,132.20,5.75
919,C,38,C,223,Lb,3.759,118.81,125.31,7.71
920,C,43,B,565,Lb,4.825,118.78,123.47,8.78
921,C,46,C,280,Lc,2.608,115.33,121.93,8.88
922,C,49,C,277,La,6.235,113.42,114.95,9.85
923,C,49,C,47,B2a,2.156,113.42,113.06,6.51
924,C,51,C,275,La,6.235,120.28,117.20,9.85
925,C,55,C,53,B2a,0.721,125.92,128.20,5.08
926,C,55,C,271,La,5.604,125.92,125.60,9.22
927,C,59,C,31,Lb,4.911,126.81,131.04,8.87
928,C,60,C,57,B3b,2.538,129.15,124.69,7.32
929,C,62,C,29,La,1.873,129.26,128.15,5.49
930,C,63,C,267,La,3.375,126.46,123.00,6.99
931,C,65,C,265,La,3.262,128.55,128.73,6.88
932,C,84,C,238,La,3.015,138.94,142.09,6.63
933,C,89,C,86,B3c,3.329,132.60,139.20,8.54
934,C,90,C,194,La,1.981,127.96,127.97,5.60
935,C,92,C,192,La,1.410,126.61,127.54,5.03
936,C,94,C,190,La,1.860,126.44,130.52,5.48
937,C,104,C,119,La,6.087,146.69,153.82,9.70
938,C,105,C,239,La,0.435,150.52,142.86,4.05
939,C,106,C,117,La,0.990,150.97,158.23,4.61
940,C,107,C,237,La,1.775,157.76,143.94,5.39
941,C,117,C,106,La,1.227,158.23,150.97,4.84
942,C,118,C,129,La,0.574,157.91,160.02,4.19
943,C,119,C,104,La,1.637,153.82,146.69,5.25
944,C,120,C,127,La,1.699,153.27,154.30,5.32
945,C,120,C,118,B2a,0.823,153.27,157.91,5.18
946,C,122,C,125,F3a,3.529,164.91,161.80,9.66
947,C,126,C,172,La,3.328,156.46,154.82,6.95
948,C,128,C,170,La,0.706,156.52,154.10,4.32
949,C,129,C,118,La,3.414,160.02,157.91,7.03
950,C,130,C,168,La,1.336,163.18,158.37,4.95
951,C,133,C,131,B2a,0.353,175.99,171.63,4.71
952,C,160,C,157,B3a,3.141,178.53,175.15,5.89
953,C,161,C,159,B2a,2.320,179.12,177.60,6.68
954,C,172,C,126,La,0.842,154.82,156.46,4.46
955,C,189,C,208,La,6.140,136.74,139.55,9.76
956,C,190,C,94,La,1.715,130.52,126.44,5.33
957,C,192,C,92,La,0.872,127.54,126.61,4.49
958,C,193,C,204,La,2.656,126.26,123.93,6.27
959,C,195,C,202,La,0.331,131.79,134.66,3.95
960,C,197,C,200,F3a,3.369,142.30,145.95,9.50
961,C,200,C,197,B3c,0.822,145.95,142.30,6.03
962,C,201,C,229,La,1.518,141.07,146.87,5.14
963,C,202,C,200,B2a,1.880,134.66,145.95,6.24
964,C,203,C,227,La,1.713,128.94,138.57,5.33
965,C,204,C,193,La,2.461,123.93,126.26,6.08
966,C,205,C,224,La,2.371,122.36,125.66,5.99
967,C,208,C,189,La,0.535,139.55,136.74,4.15
968,C,210,C,187,La,4.600,148.27,140.04,8.22
969,C,224,C,205,La,4.117,125.66,122.36,7.73
970,C,226,C,203,La,2.850,132.96,128.94,6.47
971,C,231,C,199,La,6.235,150.45,148.10,9.85
972,C,231,C,229,B2a,0.285,150.45,146.87,4.64
973,C,232,C,199,NC-,ND,154.13,148.10,9.85
974,C,238,C,84,La,2.951,142.09,138.94,6.57
975,C,239,C,105,La,1.123,142.86,150.52,4.74
976,C,241,C,103,La,2.643,149.76,147.52,6.26
977,C,265,C,65,La,1.201,128.73,128.55,4.82
978,C,266,C,93,La,1.120,124.31,124.97,4.74
979,C,268,C,91,La,3.265,127.00,126.13,6.88
980,C,271,C,55,La,3.589,125.60,125.92,7.21
981,C,273,C,271,B2a,1.904,121.60,125.60,6.26
982,C,275,C,51,La,1.653,117.20,120.28,5.27
983,C,276,C,289,La,1.022,113.10,110.03,4.64
984,C,277,C,49,La,1.850,114.95,113.42,5.47
985,C,278,C,287,La,3.349,113.26,119.15,6.97
986,C,279,C,47,La,1.801,113.74,113.06,5.42
987,C,280,C,284,F4,1.098,121.93,120.91,7.52
988,C,283,C,280,B3a,0.999,121.19,121.93,3.75
989,C,286,C,278,La,2.254,117.69,113.26,5.87
990,C,289,C,276,La,0.877,110.03,113.10,4.49
991,C,291,C,274,La,1.908,113.70,120.26,5.52
992,C,293,C,290,B3a,4.591,109.90,111.87,7.34
993,C,298,C,294,B4a,7.961,106.17,109.55,7.96
994,C,299,C,296,B3a,1.081,103.45,103.04,3.83
995,C,299,C,295,B4a,5.704,103.45,107.10,5.70
996,C,300,C,296,B4a,7.272,99.61,103.04,7.27
997,C,301,C,297,B4a,2.076,105.21,105.44,2.08
998,C,302,C,298,B4a,0.941,103.01,106.17,0.94
999,C,303,C,299,B4a,3.704,100.50,103.45,3.70
1000,C,304,C,300,B4a,6.040,99.76,99.61,6.04
1001,C,305,C,300,B5a,2.416,102.25,99.61,7.81
1002,C,311,C,599,Ld,3.908,84.49,87.60,9.82
1003,C,313,C,597,La,0.192,84.52,81.61,3.81
1004,C,315,C,595,La,4.344,91.41,89.23,7.96
1005,C,318,C,593,La,3.251,101.90,101.04,6.87
1006,C,323,C,538,Lb,5.108,131.31,130.51,9.06
1007,C,328,C,542,Lb,2.791,127.28,123.28,6.75
1008,C,338,C,336,B2a,0.484,140.31,146.86,4.84
1009,C,341,C,338,B3a,0.360,142.04,140.31,3.11
1010,C,342,C,338,B4a,3.538,143.00,140.31,3.54
1011,C,343,C,339,B4a,6.389,149.59,145.13,6.39
1012,C,344,C,342,B2a,2.747,147.35,143.00,7.10
1013,C,351,C,452,Lb,5.897,144.49,153.43,9.85
1014,C,352,C,349,B3a,0.711,143.35,140.67,3.46
1015,C,353,C,350,B3a,4.318,137.51,143.06,7.07
1016,C,354,C,399,La,3.498,136.57,134.86,7.11
1017,C,356,C,397,La,2.309,129.14,127.80,5.93
1018,C,358,C,395,La,1.040,132.03,127.98,4.66
1019,C,362,C,334,Lc,1.188,139.26,137.97,7.46
1020,C,363,C,525,Lb,5.505,137.98,133.03,9.46
1021,C,369,C,365,B4a,0.591,140.71,134.11,0.59
1022,C,370,C,366,B4a,6.984,145.89,139.41,6.98
1023,C,375,C,435,La,6.235,138.71,141.35,9.85
1024,C,376,C,435,La,1.836,138.06,141.35,5.45
1025,C,378,C,433,La,1.659,122.71,124.71,5.28
1026,C,380,C,430,La,4.344,119.36,125.70,7.96
1027,C,380,C,431,La,2.089,119.36,124.38,5.71
1028,C,386,C,383,B3a,0.360,109.83,105.39,3.11
1029,C,387,C,384,B3a,2.026,116.31,107.38,4.78
1030,C,389,C,386,B3a,0.482,121.60,109.83,3.23
1031,C,390,C,387,B3a,1.930,120.24,116.31,4.68
1032,C,392,C,524,La,1.930,127.75,131.29,5.55
1033,C,393,C,516,La,6.235,131.30,127.77,9.85
1034,C,395,C,358,La,2.632,127.98,132.03,6.25
1035,C,396,C,514,La,1.882,126.11,125.11,5.50
1036,C,397,C,356,La,2.572,127.80,129.14,6.19
1037,C,398,C,512,La,1.268,132.35,126.16,4.88
1038,C,399,C,354,La,2.582,134.86,136.57,6.20
1039,C,400,C,510,La,0.485,138.81,136.35,4.10
1040,C,401,C,348,Lb,3.549,145.03,140.49,7.50
1041,C,402,C,508,La,1.375,146.56,151.67,4.99
1042,C,404,C,506,La,2.540,151.42,159.59,6.16
1043,C,405,C,504,Lc,3.582,149.49,158.92,9.85
1044,C,407,C,404,B3a,0.733,144.59,151.42,3.48
1045,C,409,C,406,B3a,0.207,142.25,146.67,2.96
1046,C,410,C,407,B3a,0.400,139.84,144.59,3.15
1047,C,411,C,409,B2a,0.556,134.96,142.25,4.91
1048,C,420,C,416,B4a,6.530,138.20,139.17,6.53
1049,C,421,C,417,B4a,5.757,141.27,140.72,5.76
1050,C,422,C,418,B4a,6.526,142.96,142.13,6.53
1051,C,423,C,418,B5b,2.701,138.05,142.13,9.48
1052,C,428,C,426,B2a,1.572,131.66,133.71,5.93
1053,C,430,C,380,Ld,2.100,125.70,119.36,8.01
1054,C,431,C,513,La,4.513,124.38,123.26,8.13
1055,C,432,C,513,Ld,1.387,126.97,123.26,7.30
1056,C,433,C,378,La,1.609,124.71,122.71,5.23
1057,C,434,C,511,La,0.817,132.20,130.79,4.43
1058,C,435,C,376,Ld,1.030,141.35,138.06,6.95
1059,C,436,C,509,La,1.037,146.05,145.77,4.65
1060,C,438,C,507,La,4.416,161.67,159.95,8.03
1061,C,441,C,438,B3a,0.307,164.25,161.67,3.06
1062,C,442,C,438,B4a,6.333,161.50,161.67,6.33
1063,C,453,C,493,La,2.349,152.26,154.66,5.97
1064,C,461,C,420,La,5.493,140.93,138.20,9.11
1065,C,464,C,424,Lc,3.543,133.24,135.11,9.81
1066,C,493,C,453,La,2.661,154.66,152.26,6.28
1067,C,495,C,451,La,4.189,156.81,152.72,7.81
1068,C,506,C,503,B3a,5.439,159.59,159.51,8.19
1069,C,508,C,402,La,1.680,151.67,146.56,5.30
1070,C,509,C,436,La,2.074,145.77,146.05,5.69
1071,C,510,C,400,La,1.089,136.35,138.81,4.71
1072,C,511,C,434,La,1.255,130.79,132.20,4.87
1073,C,512,C,398,La,1.683,126.16,132.35,5.30
1074,C,513,C,432,La,0.817,123.26,126.97,4.43
1075,C,514,C,396,La,1.103,125.11,126.11,4.72
1076,C,516,C,394,La,1.408,127.77,132.91,5.02
1077,C,523,C,392,La,6.235,132.75,127.75,9.85
1078,C,524,C,392,La,1.871,131.29,127.75,5.49
1079,C,526,C,388,Lb,5.897,133.03,122.47,9.85
1080,C,531,C,327,Lc,0.756,133.34,127.42,7.03
1081,C,536,C,552,Lb,3.747,136.67,124.82,7.70
1082,C,539,C,550,La,5.836,127.73,122.77,9.45
1083,C,541,C,548,La,2.122,123.72,122.24,5.74
1084,C,543,C,546,F3a,3.720,124.64,123.77,9.85
1085,C,544,C,328,Lb,1.297,129.22,127.28,5.25
1086,C,546,C,543,B3d,0.507,123.77,124.64,6.50
1087,C,548,C,541,La,0.844,122.24,123.72,4.46
1088,C,550,C,539,La,0.653,122.77,127.73,4.27
1089,C,551,C,588,La,0.841,125.92,127.44,4.46
1090,C,553,C,586,La,1.289,130.77,131.82,4.91
1091,C,555,C,584,La,3.140,137.86,131.60,6.76
1092,C,563,C,560,B3a,1.753,125.87,126.99,4.50
1093,C,568,C,572,F4,3.431,134.23,133.46,9.85
1094,C,572,C,569,B3c,2.493,133.46,128.57,7.70
1095,C,573,C,571,B2a,0.762,128.44,132.75,5.12
1096,C,574,C,566,La,3.080,131.80,127.07,6.70
1097,C,576,C,585,La,4.062,125.83,130.65,7.68
1098,C,577,C,564,La,1.721,127.58,127.49,5.34
1099,C,578,C,583,F5,1.618,131.80,133.25,8.47
1100,C,582,C,578,B4a,6.560,134.23,131.80,6.56
1101,C,585,C,576,La,4.382,130.65,125.83,8.00
1102,C,586,C,553,La,3.456,131.82,130.77,7.07
1103,C,587,C,574,La,2.532,127.10,131.80,6.15
1104,C,588,C,551,La,4.714,127.44,125.92,8.33
1105,C,593,C,318,La,3.009,101.04,101.90,6.63
1106,C,595,C,316,La,2.817,89.23,95.38,6.43
1107,C,596,C,611,La,0.535,86.07,85.64,4.15
1108,C,597,C,313,La,1.512,81.61,84.52,5.13
1109,C,598,C,609,La,1.230,84.07,83.05,4.85
1110,C,599,C,311,La,1.040,87.60,84.49,4.66
1111,C,609,C,598,La,2.447,83.05,84.07,6.06
1112,C,610,C,651,La,1.359,80.14,87.81,4.98
1113,C,611,C,596,La,1.250,85.64,86.07,4.87
1114,C,612,C,649,La,2.852,89.12,98.69,6.47
1115,C,613,C,594,La,1.628,97.91,97.18,5.24
1116,C,614,C,647,La,4.622,102.63,96.00,8.24
1117,C,618,C,616,B2a,5.495,114.37,116.54,9.85
1118,C,643,C,650,La,0.050,95.54,90.10,3.67
1119,C,645,C,648,F3a,1.349,100.25,99.72,7.48
1120,C,650,C,643,La,1.390,90.10,95.54,5.01
1121,C,651,C,610,La,0.969,87.81,80.14,4.59
1122,C,652,C,641,La,2.149,85.71,93.63,5.77
1123,C,654,C,692,Lb,4.384,92.18,84.89,8.34
1124,C,656,C,694,Lb,3.153,93.44,85.16,7.11
1125,C,666,C,670,F4,3.431,76.68,82.47,9.85
1126,C,667,C,670,F3b,3.133,80.56,82.47,9.85
1127,C,670,C,667,B3c,0.156,82.47,80.56,5.36
1128,C,671,C,695,La,2.047,87.55,87.72,5.66
1129,C,672,C,664,La,0.966,84.54,85.17,4.58
1130,C,688,C,691,F3a,1.228,94.95,94.35,7.36
1131,C,694,C,654,Lb,2.677,85.16,92.18,6.63
1132,C,695,C,671,La,0.841,87.72,87.55,4.46
1133,C,697,C,669,La,2.654,88.31,82.48,6.27
1134,C,698,C,660,Lb,5.706,85.64,91.61,9.66
1135,C,707,C,705,B2a,3.266,62.58,66.98,7.62
1136,C,712,C,1075,La,1.234,53.29,58.81,4.85
1137,C,716,C,1071,La,6.235,60.15,65.40,9.85
1138,C,719,C,1068,La,0.794,53.96,51.07,4.41
1139,C,721,C,1066,La,0.703,50.05,52.36,4.32
1140,C,723,C,1064,La,4.694,53.63,59.98,8.31
1141,C,725,C,1062,La,0.928,62.96,56.63,4.54
1142,C,727,C,1060,La,0.653,60.06,58.78,4.27
1143,C,729,C,1058,La,3.124,61.37,70.48,6.74
1144,C,734,C,732,B2a,2.169,74.65,73.29,6.53
1145,C,735,C,859,La,3.390,79.17,83.37,7.01
1146,C,737,C,857,La,0.535,88.52,92.82,4.15
1147,C,741,C,737,B4a,3.265,76.15,88.52,3.26
1148,C,742,C,738,B4a,2.349,79.48,84.63,2.35
1149,C,743,C,739,B4a,5.646,89.07,84.88,5.65
1150,C,744,C,739,NC-,ND,95.38,84.88,9.85
1151,C,750,C,746,B4a,2.032,92.71,99.66,2.03
1152,C,751,C,747,B4a,4.320,91.79,101.17,4.32
1153,C,752,C,748,B4a,2.511,89.84,99.47,2.51
1154,C,753,C,749,B4a,2.296,85.73,96.01,2.30
1155,C,753,C,750,B3a,5.960,85.73,92.71,8.71
1156,C,754,C,750,B4a,4.996,84.66,92.71,5.00
1157,C,755,C,752,B3a,0.161,85.34,89.84,2.91
1158,C,756,C,753,B3a,1.823,83.08,85.73,4.57
1159,C,762,C,758,B4a,3.661,76.14,81.78,3.66
1160,C,763,C,759,B4a,3.452,76.06,81.59,3.45
1161,C,764,C,760,B4a,4.320,75.40,81.54,4.32
1162,C,765,C,761,B4a,1.861,78.04,76.94,1.86
1163,C,766,C,762,B4a,0.849,68.18,76.14,0.85
1164,C,767,C,763,B4a,1.124,68.02,76.06,1.12
1165,C,768,C,764,B4a,2.490,70.50,75.40,2.49
1166,C,769,C,765,B4a,2.582,71.81,78.04,2.58
1167,C,770,C,766,B4a,2.800,69.43,68.18,2.80
1168,C,771,C,767,B4a,0.657,69.52,68.02,0.66
1169,C,772,C,768,B4a,3.791,68.18,70.50,3.79
1170,C,773,C,769,B4a,4.454,72.27,71.81,4.45
1171,C,774,C,770,B4a,3.325,70.52,69.43,3.33
1172,C,776,C,773,B3a,0.279,72.03,72.27,3.03
1173,C,777,C,773,B4a,0.975,68.36,72.27,0.98
1174,C,778,C,774,B4a,4.362,69.60,70.52,4.36
1175,C,779,C,775,B4a,1.604,71.72,74.03,1.60
1176,C,780,C,776,B4a,1.468,74.50,72.03,1.47
1177,C,781,C,777,B4a,1.671,69.67,68.36,1.67
1178,C,782,C,778,B4a,6.932,68.55,69.60,6.93
1179,C,783,C,779,B4a,7.018,71.42,71.72,7.02
1180,C,784,C,782,B2a,2.124,76.43,68.55,6.48
1181,C,798,C,796,B2a,3.714,62.22,81.36,8.07
1182,C,800,C,797,B3c,2.107,63.60,68.86,7.31
1183,C,805,C,802,B3a,1.021,67.86,67.13,3.77
1184,C,806,C,802,B4a,3.921,70.38,67.13,3.92
1185,C,808,C,815,Lb,5.897,91.26,77.91,9.85
1186,C,811,C,808,B3a,7.101,96.13,91.26,9.85
1187,C,818,C,804,Lb,3.599,71.38,75.77,7.55
1188,C,820,C,816,B4a,1.284,77.78,75.30,1.28
1189,C,821,C,817,B4a,1.005,75.24,72.00,1.00
1190,C,822,C,818,B4a,1.880,75.46,71.38,1.88
1191,C,823,C,819,B4a,0.975,76.19,74.13,0.98
1192,C,824,C,820,B4a,0.965,79.00,77.78,0.96
1193,C,825,C,822,B3a,0.266,84.33,75.46,3.02
1194,C,826,C,823,B3a,3.557,86.27,76.19,6.31
1195,C,859,C,735,La,2.407,83.37,79.17,6.02
1196,C,861,C,733,La,1.598,75.79,72.76,5.21
1197,C,870,C,866,B4a,1.898,66.16,74.25,1.90
1198,C,871,C,867,B4a,3.678,65.47,75.25,3.68
1199,C,872,C,868,B4a,4.268,64.14,71.80,4.27
1200,C,872,C,869,B3a,0.054,64.14,72.17,2.80
1201,C,873,C,870,B3a,1.669,63.88,66.16,4.42
1202,C,873,C,869,B4a,2.582,63.88,72.17,2.58
1203,C,874,C,870,B4a,2.690,58.81,66.16,2.69
1204,C,876,C,872,B4a,3.450,59.19,64.14,3.45
1205,C,877,C,873,B4a,1.898,57.44,63.88,1.90
1206,C,879,C,875,B4a,3.381,57.98,58.43,3.38
1207,C,880,C,876,B4a,4.473,58.09,59.19,4.47
1208,C,881,C,877,B4a,9.852,58.39,57.44,9.85
1209,C,882,C,878,B4a,3.003,55.90,57.74,3.00
1210,C,884,C,880,B4a,8.131,59.72,58.09,8.13
1211,C,885,C,880,B5b,3.073,62.20,58.09,9.85
1212,C,888,C,885,B3a,5.009,68.24,62.20,7.76
1213,C,891,C,887,B4a,8.124,69.25,66.97,8.12
1214,C,896,C,883,La,6.235,53.79,59.55,9.85
1215,C,900,C,897,B3a,2.502,54.86,54.23,5.25
1216,C,901,C,897,B4a,6.404,54.38,54.23,6.40
1217,C,902,C,898,B4a,0.681,53.88,52.33,0.68
1218,C,903,C,899,B4a,0.941,55.80,50.83,0.94
1219,C,904,C,900,B4a,1.284,58.96,54.86,1.28
1220,C,905,C,901,B4a,1.124,54.83,54.38,1.12
1221,C,906,C,902,B4a,1.395,51.39,53.88,1.40
1222,C,907,C,903,B4a,0.438,52.23,55.80,0.44
1223,C,908,C,904,B4a,3.538,54.60,58.96,3.54
1224,C,909,C,905,B4a,6.230,52.98,54.83,6.23
1225,C,910,C,906,B4a,5.080,52.44,51.39,5.08
1226,C,911,C,906,B5c,0.318,52.45,51.39,6.01
1227,C,915,C,912,B3a,4.877,53.31,53.56,7.63
1228,C,917,C,913,B4a,3.801,54.35,55.08,3.80
1229,C,918,C,914,B4a,2.486,58.16,55.91,2.49
1230,C,919,C,915,B4a,1.152,57.10,53.31,1.15
1231,C,920,C,917,B3a,3.518,59.06,54.35,6.27
1232,C,923,C,919,B4a,3.744,56.31,57.10,3.74
1233,C,924,C,920,B4a,2.547,60.18,59.06,2.55
1234,C,925,C,921,B4a,2.734,62.09,60.81,2.73
1235,C,926,C,922,B4a,2.306,60.86,61.07,2.31
1236,C,927,C,923,B4a,1.085,60.77,56.31,1.09
1237,C,928,C,924,B4a,2.036,63.55,60.18,2.04
1238,C,929,C,925,B4a,1.640,65.11,62.09,1.64
1239,C,930,C,927,B3a,0.657,63.70,60.77,3.41
1240,C,930,C,926,B4a,4.176,63.70,60.86,4.18
1241,C,931,C,927,B4a,0.603,67.20,60.77,0.60
1242,C,932,C,928,B4a,2.193,72.91,63.55,2.19
1243,C,934,C,930,B4a,3.942,74.83,63.70,3.94
1244,C,934,C,931,B3a,0.565,74.83,67.20,3.32
1245,C,935,C,931,B4a,1.407,81.60,67.20,1.41
1246,C,937,C,933,B4a,3.613,84.58,75.02,3.61
1247,C,938,C,934,B4a,0.237,84.93,74.83,0.24
1248,C,939,C,935,B4a,5.052,91.46,81.60,5.05
1249,C,940,C,936,B4a,7.463,98.72,85.45,7.46
1250,C,948,C,945,B3a,0.462,73.57,84.93,3.21
1251,C,949,C,945,B4a,3.020,79.08,84.93,3.02
1252,C,950,C,946,B4a,2.032,80.06,82.85,2.03
1253,C,952,C,948,B4a,5.386,75.49,73.57,5.39
1254,C,953,C,949,B4a,1.592,76.81,79.08,1.59
1255,C,954,C,950,B4a,1.556,76.53,80.06,1.56
1256,C,955,C,951,B4a,0.379,75.57,76.47,0.38
1257,C,956,C,952,B4a,1.463,71.29,75.49,1.46
1258,C,957,C,953,B4a,0.591,72.11,76.81,0.59
1259,C,958,C,954,B4a,0.849,67.90,76.53,0.85
1260,C,959,C,955,B4a,0.703,67.60,75.57,0.70
1261,C,960,C,956,B4a,1.592,68.60,71.29,1.59
1262,C,961,C,957,B4a,1.152,69.47,72.11,1.15
1263,C,962,C,958,B4a,0.657,69.05,67.90,0.66
1264,C,963,C,959,B4a,0.438,69.63,67.60,0.44
1265,C,964,C,960,B4a,0.657,75.11,68.60,0.66
1266,C,965,C,961,B4a,1.831,74.83,69.47,1.83
1267,C,966,C,963,B3a,0.273,77.13,69.63,3.02
1268,C,967,C,964,B3a,1.714,80.36,75.11,4.46
1269,C,968,C,965,B3a,0.577,77.56,74.83,3.33
1270,C,972,C,969,B3c,0.685,85.99,78.72,5.89
1271,C,979,C,976,B3a,1.445,98.42,90.69,4.20
1272,C,980,C,976,B4a,5.493,93.25,90.69,5.49
1273,C,981,C,977,B4a,4.763,94.57,92.14,4.76
1274,C,982,C,978,B4a,5.459,97.66,98.33,5.46
1275,C,983,C,979,B4a,1.604,98.52,98.42,1.60
1276,C,989,C,985,B4a,8.928,100.29,109.30,8.93
1277,C,990,C,987,B3a,1.012,99.57,106.74,3.76
1278,C,991,C,988,B3a,1.700,93.42,103.77,4.45
1279,C,993,C,989,B4a,3.217,86.02,100.29,3.22
1280,C,994,C,990,B4a,2.538,84.53,99.57,2.54
1281,C,995,C,991,B4a,0.849,81.54,93.42,0.85
1282,C,996,C,992,B4a,5.350,77.12,90.31,5.35
1283,C,997,C,993,B4a,2.155,76.10,86.02,2.15
1284,C,998,C,994,B4a,0.657,78.54,84.53,0.66
1285,C,999,C,995,B4a,3.057,75.96,81.54,3.06
1286,C,1000,C,996,B4a,1.759,74.35,77.12,1.76
1287,C,1001,C,997,B4a,2.298,72.22,76.10,2.30
1288,C,1002,C,998,B4a,1.487,71.39,78.54,1.49
1289,C,1003,C,1000,B3a,0.482,68.14,74.35,3.23
1290,C,1003,C,999,B4a,3.130,68.14,75.96,3.13
1291,C,1004,C,1000,B4a,3.538,65.66,74.35,3.54
1292,C,1005,C,1001,B4a,0.237,66.15,72.22,0.24
1293,C,1006,C,1002,B4a,0.849,63.87,71.39,0.85
1294,C,1007,C,1003,B4a,3.222,62.09,68.14,3.22
1295,C,1008,C,1004,B4a,0.941,59.73,65.66,0.94
1296,C,1009,C,1005,B4a,0.872,62.45,66.15,0.87
1297,C,1010,C,1006,B4a,0.872,64.52,63.87,0.87
1298,C,1011,C,1007,B4a,1.898,63.23,62.09,1.90
1299,C,1012,C,1008,B4a,0.647,59.89,59.73,0.65
1300,C,1013,C,1009,B4a,0.703,60.84,62.45,0.70
1301,C,1014,C,1010,B4a,2.296,66.98,64.52,2.30
1302,C,1015,C,1011,B4a,1.671,63.73,63.23,1.67
1303,C,1016,C,1012,B4a,2.009,65.76,59.89,2.01
1304,C,1017,C,1013,B4a,0.975,66.33,60.84,0.98
1305,C,1018,C,1014,B4a,0.603,64.88,66.98,0.60
1306,C,1019,C,1015,B4a,0.391,68.05,63.73,0.39
1307,C,1020,C,1016,B4a,1.026,65.00,65.76,1.03
1308,C,1021,C,1017,B4a,3.697,61.77,66.33,3.70
1309,C,1022,C,1018,B4a,2.155,61.95,64.88,2.15
1310,C,1023,C,1019,B4a,1.559,65.57,68.05,1.56
1311,C,1024,C,1020,B4a,0.703,65.12,65.00,0.70
1312,C,1025,C,1021,B4a,1.005,66.52,61.77,1.00
1313,C,1026,C,1022,B4a,0.438,68.55,61.95,0.44
1314,C,1027,C,1023,B4a,0.000,67.67,65.57,0.00
1315,C,1028,C,1024,B4a,0.237,66.41,65.12,0.24
1316,C,1029,C,1025,B4a,0.000,67.54,66.52,0.00
1317,C,1030,C,1026,B4a,0.941,68.70,68.55,0.94
1318,C,1031,C,1027,B4a,1.463,70.00,67.67,1.46
1319,C,1032,C,1028,B4a,5.353,64.04,66.41,5.35
1320,C,1033,C,1029,B4a,5.904,62.62,67.54,5.90
1321,C,1034,C,1029,B5b,0.469,66.16,67.54,7.25
1322,C,1042,C,1039,B3b,5.074,71.73,67.94,9.85
1323,C,1047,C,1067,La,3.611,55.63,49.23,7.23
1324,C,1049,C,1065,La,2.484,55.03,52.14,6.10
1325,C,1050,C,1065,La,2.840,60.23,52.14,6.46
1326,C,1052,C,1063,La,1.601,56.45,57.63,5.22
1327,C,1054,C,1061,La,1.604,58.49,58.25,5.22
1328,C,1060,C,727,La,4.025,58.78,60.06,7.64
1329,C,1061,C,1054,La,3.885,58.25,58.49,7.50
1330,C,1062,C,725,La,0.047,56.63,62.96,3.66
1331,C,1063,C,1052,La,0.557,57.63,56.45,4.17
1332,C,1064,C,723,La,2.416,59.98,53.63,6.03
1333,C,1065,C,1050,La,0.754,52.14,60.23,4.37
1334,C,1066,C,721,La,2.973,52.36,50.05,6.59
1335,C,1067,C,1047,La,2.995,49.23,55.63,6.61
1336,C,1068,C,719,La,2.028,51.07,53.96,5.64
1337,C,1070,C,717,La,5.249,57.88,61.38,8.87
1338,C,1073,C,714,La,6.235,61.98,58.34,9.85
1339,C,1075,C,712,La,1.052,58.81,53.29,4.67
1340,C,1076,C,1097,La,5.871,56.10,61.90,9.49
1341,C,1077,C,710,La,3.465,53.97,59.18,7.08
1342,C,1083,C,1086,F3a,1.710,73.45,71.23,7.84
1343,C,1086,C,1083,B3c,0.156,71.23,73.45,5.36
1344,C,1087,C,1124,La,2.070,60.44,67.99,5.69
1345,C,1088,C,1081,La,2.041,55.73,57.51,5.66
1346,C,1089,C,1121,La,3.886,52.53,54.44,7.50
1347,C,1091,C,1119,La,4.946,57.69,60.84,8.56
1348,C,1094,C,1105,La,2.674,48.96,52.07,6.29
1349,C,1096,C,1103,La,2.746,52.21,57.03,6.36
1350,C,1097,C,1076,La,1.501,61.90,56.10,5.12
1351,C,1098,C,1101,F3a,1.426,75.75,73.22,7.56
1352,C,1103,C,1096,La,1.577,57.03,52.21,5.19
1353,C,1104,C,1113,La,2.385,52.75,55.73,6.00
1354,C,1109,C,1106,B3a,1.587,51.83,54.02,4.34
1355,C,1110,C,715,Lb,2.906,55.57,56.95,6.86
1356,C,1117,C,1138,Lb,2.406,68.12,77.88,6.36
1357,C,1119,C,1116,B3a,1.392,60.84,65.37,4.14
1358,C,1121,C,1089,La,2.775,54.44,52.53,6.39
1359,C,1123,C,1087,La,1.098,58.82,60.44,4.72
1360,C,1133,C,1080,Lb,1.739,58.96,53.67,5.69
1361,C,1138,C,1115,Lb,3.742,77.88,62.00,7.70
1362,C,1142,C,1139,B3a,2.945,110.59,89.51,5.70
1363,C,1144,C,1141,B3a,0.811,116.36,103.30,3.56
1364,C,1145,C,1142,B3a,1.210,120.09,110.59,3.96
